allele	first_year	n_isolates_all_PDG
blaACC-1	2005	98
blaACC-4	2013	2
blaACT-89	2023	1
blaADC-238	2008	1
blaADC-30	2020	2
blaAFM-1	2017	1
blaAFM-5	2021	1
blaBEL-1	2009	9
blaBKC-1	2021	3
blaCARB-12	2020	1
blaCARB-16	2014	2
blaCARB-2	1982	1142
blaCMY-10	2008	2
blaCMY-111	2007	2
blaCMY-121	2014	1
blaCMY-13	2008	54
blaCMY-131	2014	3
blaCMY-132	2018	2
blaCMY-133	2013	2
blaCMY-136	2015	4
blaCMY-140	2015	6
blaCMY-141	1905	108
blaCMY-143	2014	1
blaCMY-145	1905	1147
blaCMY-146	2012	77
blaCMY-148	1905	56
blaCMY-153	2014	5
blaCMY-154	2019	3
blaCMY-156	2018	3
blaCMY-16	2007	302
blaCMY-160	2019	1
blaCMY-162	2012	1
blaCMY-166	2012	9
blaCMY-171	2018	1
blaCMY-172	2015	7
blaCMY-173	2019	4
blaCMY-174	2014	1
blaCMY-178	2020	5
blaCMY-185	2019	1
blaCMY-186	2023	2
blaCMY-187	2019	2
blaCMY-191	2019	2
blaCMY-192	2023	1
blaCMY-196	2016	47
blaCMY-197	2018	2
blaCMY-198	2016	5
blaCMY-199	2021	1
blaCMY-2	1905	14511
blaCMY-219	2024	3
blaCMY-225	2021	2
blaCMY-226	2018	82
blaCMY-23	2004	20
blaCMY-24	2007	1
blaCMY-25	2009	1
blaCMY-27	2018	2
blaCMY-30	2013	2
blaCMY-32	2012	2
blaCMY-33	2015	1
blaCMY-4	2003	1138
blaCMY-42	1905	2840
blaCMY-43	2017	3
blaCMY-58	2008	2
blaCMY-59	1905	14
blaCMY-6	2003	1114
blaCMY-60	2015	4
blaCMY-62	2018	3
blaCMY-69	2015	3
blaCMY-7	2010	10
blaCMY-75	2013	1
blaCMY-78	2023	1
blaCMY-8	2000	1
blaCMY-82	2022	1
blaCMY-99	2024	1
blaCTX-M-1	2000	7561
blaCTX-M-10	2013	9
blaCTX-M-100	2021	1
blaCTX-M-101	2009	22
blaCTX-M-102	2016	6
blaCTX-M-104	2011	110
blaCTX-M-105	2017	6
blaCTX-M-112	2018	1
blaCTX-M-115	2007	61
blaCTX-M-12	2001	74
blaCTX-M-121	2012	22
blaCTX-M-122	2021	2
blaCTX-M-123	2009	175
blaCTX-M-125	2011	27
blaCTX-M-127	2017	8
blaCTX-M-13	2010	6
blaCTX-M-130	2009	86
blaCTX-M-132	2008	69
blaCTX-M-134	2012	49
blaCTX-M-136	2010	39
blaCTX-M-137	2020	4
blaCTX-M-139	2021	2
blaCTX-M-14	1905	16886
blaCTX-M-140	2012	3
blaCTX-M-141	2014	2
blaCTX-M-142	2016	2
blaCTX-M-143	2012	5
blaCTX-M-146	2023	1
blaCTX-M-147	2024	1
blaCTX-M-15	1900	110310
blaCTX-M-150	2013	1
blaCTX-M-153	2014	8
blaCTX-M-154	2012	2
blaCTX-M-156	2022	1
blaCTX-M-157	2002	20
blaCTX-M-158	2023	2
blaCTX-M-161	2017	1
blaCTX-M-163	2013	2
blaCTX-M-165	2016	7
blaCTX-M-166	2014	1
blaCTX-M-167	2021	2
blaCTX-M-169	2017	5
blaCTX-M-17	2024	1
blaCTX-M-170	2022	2
blaCTX-M-172	2021	1
blaCTX-M-173	2016	8
blaCTX-M-174	2012	90
blaCTX-M-178	2016	7
blaCTX-M-179	2014	2
blaCTX-M-181	2020	12
blaCTX-M-182	2015	9
blaCTX-M-183	2018	1
blaCTX-M-184	2021	1
blaCTX-M-189	2011	30
blaCTX-M-19	2014	23
blaCTX-M-190	2015	11
blaCTX-M-191	2018	3
blaCTX-M-192	2021	1
blaCTX-M-194	2016	2
blaCTX-M-195	2015	5
blaCTX-M-196	2016	3
blaCTX-M-197	2022	2
blaCTX-M-199	2013	173
blaCTX-M-2	2000	1752
blaCTX-M-200	2019	1
blaCTX-M-202	2022	1
blaCTX-M-206	2012	5
blaCTX-M-208	2015	2
blaCTX-M-209	2017	16
blaCTX-M-210	2019	2
blaCTX-M-215	2015	1
blaCTX-M-216	2015	3
blaCTX-M-217	2020	1
blaCTX-M-218	2023	3
blaCTX-M-219	2016	1
blaCTX-M-22	2016	1
blaCTX-M-220	2009	12
blaCTX-M-223	2017	3
blaCTX-M-231	2015	146
blaCTX-M-232	2018	5
blaCTX-M-235	2019	3
blaCTX-M-238	2019	1
blaCTX-M-24	2002	881
blaCTX-M-240	2013	8
blaCTX-M-243	2018	1
blaCTX-M-248	2015	54
blaCTX-M-249	2023	7
blaCTX-M-25	2002	17
blaCTX-M-252	2021	2
blaCTX-M-254	2022	1
blaCTX-M-255	2019	3
blaCTX-M-258	2024	1
blaCTX-M-26	2002	1
blaCTX-M-267	2015	3
blaCTX-M-269	2020	3
blaCTX-M-27	1990	14343
blaCTX-M-271	2022	30
blaCTX-M-273	2019	6
blaCTX-M-274	2020	3
blaCTX-M-276	2021	2
blaCTX-M-28	2016	4
blaCTX-M-280	2021	3
blaCTX-M-281	2018	1
blaCTX-M-282	2017	2
blaCTX-M-3	1905	3991
blaCTX-M-30	2018	22
blaCTX-M-32	2005	727
blaCTX-M-33	2009	45
blaCTX-M-35	2005	9
blaCTX-M-36	2001	3
blaCTX-M-37	2018	2
blaCTX-M-38	2009	9
blaCTX-M-39	2008	15
blaCTX-M-40	2004	23
blaCTX-M-44	2017	11
blaCTX-M-5	2012	4
blaCTX-M-52	2019	1
blaCTX-M-55	2002	12783
blaCTX-M-58	2018	2
blaCTX-M-59	2006	2
blaCTX-M-61	2012	3
blaCTX-M-62	2006	14
blaCTX-M-63	2009	71
blaCTX-M-64	2008	375
blaCTX-M-65	2004	14568
blaCTX-M-67	2014	8
blaCTX-M-68	2013	4
blaCTX-M-70	2016	2
blaCTX-M-71	2013	13
blaCTX-M-73	2010	3
blaCTX-M-74	2012	1
blaCTX-M-79	2013	2
blaCTX-M-8	2005	663
blaCTX-M-82	2016	5
blaCTX-M-88	2012	2
blaCTX-M-89	2019	2
blaCTX-M-9	1999	470
blaCTX-M-90	2008	101
blaCTX-M-96	2002	11
blaCTX-M-98	2013	73
blaDHA-1	1999	8783
blaDHA-15	2008	12
blaDHA-25	2003	9
blaDHA-27	2019	7
blaDHA-33	2023	1
blaDHA-38	2018	2
blaDHA-6	2013	7
blaDHA-7	2011	11
blaDHA-9	2012	1
blaEC-13	2005	27
blaEC-15	2000	100
blaEC-16	1993	1
blaEC-18	2020	1
blaEC-5	1900	15523
blaEC-8	2023	1
blaFOX-14	2016	3
blaFOX-3	2025	1
blaFOX-5	2002	231
blaFOX-9	2022	1
blaFRI-10	2019	1
blaGES-1	2014	26
blaGES-11	2013	1
blaGES-13	2015	1
blaGES-17	2023	1
blaGES-19	2012	4
blaGES-2	2019	10
blaGES-20	2012	3
blaGES-24	2004	30
blaGES-26	2012	1
blaGES-4	2018	5
blaGES-40	2012	1
blaGES-48	2021	2
blaGES-5	2008	101
blaGES-51	2021	9
blaGES-6	2015	7
blaGES-66	2015	2
blaGES-7	2017	6
blaGES-9	2008	3
blaHER-3	1998	1720
blaIMI-2	2019	1
blaIMP-1	1996	366
blaIMP-11	2011	13
blaIMP-14	2012	14
blaIMP-15	2018	3
blaIMP-18	2020	3
blaIMP-19	2015	12
blaIMP-22	2013	12
blaIMP-23	2018	3
blaIMP-26	2009	41
blaIMP-27	2011	6
blaIMP-3	2013	1
blaIMP-34	2006	2
blaIMP-38	2011	25
blaIMP-4	2002	697
blaIMP-59	2016	1
blaIMP-6	2000	259
blaIMP-64	2015	7
blaIMP-66	2017	2
blaIMP-68	2016	1
blaIMP-74	2017	6
blaIMP-8	1999	63
blaIMP-94	2012	3
blaIMP-96	2011	3
blaKHM-1	2018	1
blaKLUC-2	2011	4
blaKLUC-3	2019	2
blaKPC-10	2014	7
blaKPC-100	2022	3
blaKPC-101	2023	1
blaKPC-103	2019	2
blaKPC-104	2020	1
blaKPC-105	2020	1
blaKPC-106	2021	1
blaKPC-107	2020	1
blaKPC-108	2021	1
blaKPC-109	2021	1
blaKPC-110	2021	1
blaKPC-112	2023	2
blaKPC-113	2020	1
blaKPC-114	2020	2
blaKPC-115	2021	1
blaKPC-118	2020	2
blaKPC-119	2018	1
blaKPC-12	2014	27
blaKPC-121	2021	3
blaKPC-124	2022	2
blaKPC-125	2021	2
blaKPC-126	2020	2
blaKPC-127	2022	2
blaKPC-128	2022	1
blaKPC-129	2022	1
blaKPC-130	2020	6
blaKPC-132	2022	1
blaKPC-135	2023	1
blaKPC-139	2020	1
blaKPC-14	2003	16
blaKPC-140	2021	1
blaKPC-141	2021	2
blaKPC-142	2021	1
blaKPC-143	2021	1
blaKPC-144	2018	27
blaKPC-145	2023	4
blaKPC-148	2015	7
blaKPC-154	2022	3
blaKPC-157	2016	13
blaKPC-158	2017	1
blaKPC-160	2021	5
blaKPC-162	2022	1
blaKPC-163	2022	1
blaKPC-166	2014	9
blaKPC-167	2021	4
blaKPC-168	2016	4
blaKPC-169	2017	1
blaKPC-17	2014	16
blaKPC-170	2017	5
blaKPC-171	2017	1
blaKPC-172	2016	3
blaKPC-173	2016	9
blaKPC-174	2019	1
blaKPC-175	2019	1
blaKPC-176	2017	7
blaKPC-177	2016	1
blaKPC-178	2018	1
blaKPC-179	2023	2
blaKPC-18	2014	88
blaKPC-180	2022	2
blaKPC-181	2016	19
blaKPC-183	2019	1
blaKPC-184	2019	8
blaKPC-189	2023	1
blaKPC-190	2024	2
blaKPC-194	2023	1
blaKPC-195	2011	1
blaKPC-197	2023	1
blaKPC-2	1996	31156
blaKPC-20	2017	1
blaKPC-202	2023	1
blaKPC-203	2022	2
blaKPC-204	2017	5
blaKPC-205	2022	3
blaKPC-21	2021	1
blaKPC-211	2023	1
blaKPC-212	2023	5
blaKPC-213	2023	1
blaKPC-214	2023	1
blaKPC-215	2023	1
blaKPC-216	2022	2
blaKPC-227	2023	6
blaKPC-228	2021	1
blaKPC-23	2014	26
blaKPC-230	2024	1
blaKPC-231	2022	1
blaKPC-234	2023	1
blaKPC-239	2022	3
blaKPC-244	2016	3
blaKPC-245	2024	1
blaKPC-25	2020	12
blaKPC-250	2023	2
blaKPC-252	2022	1
blaKPC-259	2017	1
blaKPC-261	2021	1
blaKPC-262	2022	2
blaKPC-263	2018	1
blaKPC-264	2016	2
blaKPC-27	2013	4
blaKPC-272	2025	1
blaKPC-275	2025	2
blaKPC-276	2015	2
blaKPC-28	2016	1
blaKPC-281	2025	1
blaKPC-282	2023	1
blaKPC-287	2025	1
blaKPC-29	2019	4
blaKPC-295	2022	1
blaKPC-297	2025	1
blaKPC-3	1905	13693
blaKPC-30	2016	2
blaKPC-300	2022	1
blaKPC-31	2014	119
blaKPC-32	2015	2
blaKPC-33	2016	159
blaKPC-35	2020	6
blaKPC-36	2017	2
blaKPC-38	2015	3
blaKPC-39	2018	5
blaKPC-4	2011	140
blaKPC-41	2018	2
blaKPC-44	2020	7
blaKPC-45	2020	2
blaKPC-46	2019	7
blaKPC-49	2018	8
blaKPC-5	2014	8
blaKPC-50	2024	3
blaKPC-51	2018	1
blaKPC-52	2018	1
blaKPC-53	2016	7
blaKPC-56	2013	9
blaKPC-57	2020	2
blaKPC-58	2019	1
blaKPC-6	2014	57
blaKPC-61	2020	2
blaKPC-62	2019	10
blaKPC-65	2017	4
blaKPC-66	2019	22
blaKPC-67	2019	3
blaKPC-68	2019	9
blaKPC-69	2020	1
blaKPC-70	2020	1
blaKPC-71	2017	42
blaKPC-72	2017	10
blaKPC-74	2020	2
blaKPC-75	2019	2
blaKPC-76	2019	3
blaKPC-77	2022	1
blaKPC-78	2019	6
blaKPC-79	2019	2
blaKPC-8	2013	20
blaKPC-80	2019	1
blaKPC-81	2020	2
blaKPC-84	2016	10
blaKPC-85	2018	2
blaKPC-86	2022	4
blaKPC-88	2017	5
blaKPC-90	2018	8
blaKPC-91	2020	1
blaKPC-92	2020	3
blaKPC-93	2021	8
blaKPC-94	2017	3
blaKPC-95	2018	1
blaKPC-96	2019	1
blaKPC-97	2020	1
blaKPC-98	2023	1
blaKPC-99	2020	2
blaLAP-1	2001	76
blaLAP-2	2003	12192
blaLEN-10	2004	115
blaLEN-100	2018	1
blaLEN-101	2001	1
blaLEN-102	2020	1
blaLEN-103	2020	1
blaLEN-104	2014	2
blaLEN-107	2024	1
blaLEN-108	2017	2
blaLEN-109	2023	1
blaLEN-11	2001	74
blaLEN-110	2024	1
blaLEN-111	2019	2
blaLEN-112	2020	1
blaLEN-113	2013	2
blaLEN-114	2020	1
blaLEN-115	2024	2
blaLEN-118	2021	2
blaLEN-119	2017	3
blaLEN-12	2005	69
blaLEN-120	2014	13
blaLEN-121	2018	1
blaLEN-122	2019	1
blaLEN-123	2020	2
blaLEN-124	2019	1
blaLEN-125	2015	1
blaLEN-126	2016	11
blaLEN-127	2013	4
blaLEN-128	2019	1
blaLEN-129	2018	1
blaLEN-13	2000	359
blaLEN-130	2020	1
blaLEN-131	2022	1
blaLEN-132	2011	1
blaLEN-133	2002	8
blaLEN-134	2014	6
blaLEN-135	2004	4
blaLEN-136	2022	3
blaLEN-137	2011	5
blaLEN-138	2019	1
blaLEN-139	2023	1
blaLEN-140	2016	1
blaLEN-141	2005	24
blaLEN-142	2021	1
blaLEN-143	2018	3
blaLEN-144	2014	1
blaLEN-145	2019	1
blaLEN-146	2019	3
blaLEN-147	2013	3
blaLEN-148	2013	3
blaLEN-149	2015	4
blaLEN-150	2017	11
blaLEN-151	2014	1
blaLEN-152	2013	2
blaLEN-153	2002	2
blaLEN-154	2011	6
blaLEN-155	2023	1
blaLEN-156	2023	1
blaLEN-158	2001	2
blaLEN-16	1997	798
blaLEN-160	2019	2
blaLEN-162	2022	1
blaLEN-163	2016	5
blaLEN-164	2009	2
blaLEN-165	2024	1
blaLEN-166	2021	1
blaLEN-167	2020	1
blaLEN-168	2013	1
blaLEN-169	2013	1
blaLEN-17	1999	348
blaLEN-170	2020	1
blaLEN-173	2018	2
blaLEN-174	2015	1
blaLEN-175	2014	11
blaLEN-176	2021	1
blaLEN-177	2018	3
blaLEN-178	2013	1
blaLEN-179	2019	2
blaLEN-18	2005	31
blaLEN-180	2017	4
blaLEN-181	2017	14
blaLEN-182	2023	1
blaLEN-183	2019	1
blaLEN-184	2012	2
blaLEN-185	2013	16
blaLEN-186	2019	4
blaLEN-187	2024	1
blaLEN-188	2021	1
blaLEN-189	2020	1
blaLEN-19	2001	26
blaLEN-190	2013	1
blaLEN-191	2019	1
blaLEN-192	2013	9
blaLEN-193	2021	2
blaLEN-194	2020	1
blaLEN-196	2017	1
blaLEN-197	2015	3
blaLEN-198	2017	1
blaLEN-199	2018	2
blaLEN-2	1900	528
blaLEN-200	2018	1
blaLEN-201	2015	1
blaLEN-202	2017	3
blaLEN-203	2022	1
blaLEN-205	2023	2
blaLEN-206	2020	1
blaLEN-207	2006	2
blaLEN-208	2019	1
blaLEN-209	2016	3
blaLEN-21	2015	5
blaLEN-210	2017	5
blaLEN-211	2014	3
blaLEN-22	2002	40
blaLEN-23	2017	2
blaLEN-24	2002	15
blaLEN-25	2000	76
blaLEN-26	2011	17
blaLEN-27	2000	185
blaLEN-28	2011	17
blaLEN-30	2001	60
blaLEN-31	2016	17
blaLEN-32	1996	59
blaLEN-34	2019	1
blaLEN-41	2019	3
blaLEN-43	2019	1
blaLEN-44	2015	5
blaLEN-45	2015	5
blaLEN-46	2021	3
blaLEN-50	2017	2
blaLEN-51	2011	7
blaLEN-55	2001	30
blaLEN-56	2009	5
blaLEN-57	2005	29
blaLEN-58	2014	1
blaLEN-61	2002	53
blaLEN-62	2005	4
blaLEN-63	2007	17
blaLEN-65	2005	2
blaLEN-66	2001	10
blaLEN-67	2009	2
blaLEN-68	2001	8
blaLEN-69	2005	15
blaLEN-7	1956	113
blaLEN-70	2015	8
blaLEN-71	2010	12
blaLEN-72	2001	1
blaLEN-73	2001	1
blaLEN-74	2001	12
blaLEN-75	2009	1
blaLEN-76	2009	2
blaLEN-77	2005	15
blaLEN-78	2015	4
blaLEN-79	2012	30
blaLEN-8	2002	85
blaLEN-80	2015	1
blaLEN-81	2015	3
blaLEN-82	2015	3
blaLEN-83	2002	16
blaLEN-84	2015	7
blaLEN-85	2011	4
blaLEN-86	2015	5
blaLEN-87	2015	7
blaLEN-88	2016	3
blaLEN-9	1991	430
blaLEN-92	2018	1
blaLEN-93	2019	6
blaLEN-94	2020	1
blaLEN-95	2017	1
blaLEN-96	2014	1
blaLEN-97	2019	1
blaLEN-98	2019	2
blaLEN-99	2023	1
blaMIR-29	2023	1
blaMIR-3	2020	1
blaMOX-1	2000	2
blaMOX-2	2005	12
blaMOX-24	2023	1
blaMOX-9	2016	6
blaMUN-1	2015	5
blaNDM-1	1900	16175
blaNDM-12	2013	1
blaNDM-13	1984	78
blaNDM-14	2021	128
blaNDM-15	2013	4
blaNDM-17	2018	1
blaNDM-18	2023	2
blaNDM-19	2016	42
blaNDM-20	2015	1
blaNDM-21	2014	9
blaNDM-23	2016	17
blaNDM-24	2015	25
blaNDM-25	2018	2
blaNDM-26	2023	1
blaNDM-27	2015	3
blaNDM-29	2016	7
blaNDM-3	2013	18
blaNDM-33	2019	1
blaNDM-35	2021	2
blaNDM-36	2020	2
blaNDM-37	2020	1
blaNDM-39	2018	5
blaNDM-4	2011	861
blaNDM-41	2021	4
blaNDM-45	2025	2
blaNDM-48	2019	6
blaNDM-5	1905	25579
blaNDM-50	2022	29
blaNDM-51	2023	1
blaNDM-55	2021	2
blaNDM-56	2020	1
blaNDM-57	2022	3
blaNDM-59	2018	3
blaNDM-6	2010	64
blaNDM-60	2023	2
blaNDM-61	2022	3
blaNDM-63	2023	1
blaNDM-66	2018	20
blaNDM-67	2022	2
blaNDM-68	2023	2
blaNDM-7	2011	1948
blaNDM-80	2021	5
blaNDM-84	2026	1
blaNDM-9	2013	299
blaNDM-90	2026	1
blaNDM-91	2022	1
blaNDM-93	2023	2
blaNDM-94	2018	2
blaNDM-96	2026	3
blaNDM-98	2026	6
blaNWM-1	2023	1
blaOKP-A-10	2013	30
blaOKP-A-101	2018	1
blaOKP-A-102	2019	3
blaOKP-A-103	2011	6
blaOKP-A-104	2018	26
blaOKP-A-105	2014	4
blaOKP-A-106	2018	1
blaOKP-A-107	2015	9
blaOKP-A-108	2021	1
blaOKP-A-109	2022	1
blaOKP-A-11	1990	179
blaOKP-A-110	2017	4
blaOKP-A-111	2007	2
blaOKP-A-112	2018	1
blaOKP-A-113	2013	2
blaOKP-A-114	2014	1
blaOKP-A-115	2019	1
blaOKP-A-116	2019	2
blaOKP-A-117	2012	17
blaOKP-A-12	2003	60
blaOKP-A-17	2009	80
blaOKP-A-18	2014	4
blaOKP-A-19	2015	18
blaOKP-A-2	1997	25
blaOKP-A-20	2014	10
blaOKP-A-21	2012	8
blaOKP-A-22	2005	8
blaOKP-A-23	2017	5
blaOKP-A-24	2009	1
blaOKP-A-25	2013	11
blaOKP-A-26	2005	2
blaOKP-A-27	2008	78
blaOKP-A-28	2015	20
blaOKP-A-29	2015	4
blaOKP-A-3	1997	46
blaOKP-A-30	2011	11
blaOKP-A-31	2015	2
blaOKP-A-32	2015	14
blaOKP-A-33	2015	2
blaOKP-A-34	2015	1
blaOKP-A-35	2015	1
blaOKP-A-36	2016	2
blaOKP-A-37	2016	2
blaOKP-A-39	2018	3
blaOKP-A-4	2002	88
blaOKP-A-40	2021	2
blaOKP-A-41	2017	1
blaOKP-A-42	2006	1
blaOKP-A-43	2014	2
blaOKP-A-44	2019	1
blaOKP-A-45	2016	2
blaOKP-A-46	2019	1
blaOKP-A-47	2008	5
blaOKP-A-48	2016	9
blaOKP-A-5	2000	104
blaOKP-A-50	2018	7
blaOKP-A-51	2019	1
blaOKP-A-52	2018	2
blaOKP-A-55	2014	4
blaOKP-A-56	2019	1
blaOKP-A-57	2020	2
blaOKP-A-58	2003	1
blaOKP-A-59	2017	2
blaOKP-A-6	2005	36
blaOKP-A-60	2018	1
blaOKP-A-61	2006	12
blaOKP-A-62	2017	3
blaOKP-A-63	2012	2
blaOKP-A-64	2018	3
blaOKP-A-65	2014	4
blaOKP-A-66	2010	9
blaOKP-A-67	2020	1
blaOKP-A-68	2014	11
blaOKP-A-69	2017	2
blaOKP-A-7	2014	6
blaOKP-A-70	2019	1
blaOKP-A-71	2010	2
blaOKP-A-72	2017	6
blaOKP-A-73	2022	1
blaOKP-A-74	2014	8
blaOKP-A-75	2018	1
blaOKP-A-76	2015	1
blaOKP-A-77	2001	131
blaOKP-A-78	2018	2
blaOKP-A-79	2021	1
blaOKP-A-8	2003	51
blaOKP-A-80	2019	8
blaOKP-A-83	2014	3
blaOKP-A-85	2020	1
blaOKP-A-86	2008	1
blaOKP-A-87	2019	2
blaOKP-A-88	2021	2
blaOKP-A-89	2017	8
blaOKP-A-9	2005	36
blaOKP-A-90	2012	6
blaOKP-A-92	2018	1
blaOKP-A-93	2018	2
blaOKP-A-94	2018	8
blaOKP-A-95	2018	1
blaOKP-A-96	2018	1
blaOKP-A-97	2018	1
blaOKP-A-98	2019	1
blaOKP-A-99	2018	3
blaOKP-B-1	1997	125
blaOKP-B-101	2018	6
blaOKP-B-102	2016	1
blaOKP-B-103	2020	1
blaOKP-B-104	2017	4
blaOKP-B-105	2002	1
blaOKP-B-107	2019	3
blaOKP-B-108	2015	3
blaOKP-B-109	2002	13
blaOKP-B-110	2018	11
blaOKP-B-111	2019	1
blaOKP-B-112	2019	2
blaOKP-B-113	2006	75
blaOKP-B-114	2019	1
blaOKP-B-115	1998	37
blaOKP-B-116	2002	2
blaOKP-B-117	2018	2
blaOKP-B-118	2015	4
blaOKP-B-119	2021	1
blaOKP-B-12	2007	3
blaOKP-B-120	2014	5
blaOKP-B-121	2024	1
blaOKP-B-122	2019	1
blaOKP-B-123	2019	1
blaOKP-B-124	2016	1
blaOKP-B-125	2013	12
blaOKP-B-126	2018	2
blaOKP-B-127	2013	3
blaOKP-B-128	2019	1
blaOKP-B-129	2023	1
blaOKP-B-130	2017	5
blaOKP-B-131	2017	2
blaOKP-B-132	2019	6
blaOKP-B-133	2018	1
blaOKP-B-134	2021	1
blaOKP-B-135	2018	2
blaOKP-B-136	2014	1
blaOKP-B-138	2018	4
blaOKP-B-139	2017	1
blaOKP-B-140	2021	1
blaOKP-B-141	2012	1
blaOKP-B-142	2018	2
blaOKP-B-143	2017	2
blaOKP-B-148	2015	2
blaOKP-B-149	2019	1
blaOKP-B-15	2011	71
blaOKP-B-151	2020	1
blaOKP-B-153	2021	1
blaOKP-B-154	2018	1
blaOKP-B-155	2016	3
blaOKP-B-156	2013	2
blaOKP-B-157	2006	3
blaOKP-B-159	2015	2
blaOKP-B-16	1998	21
blaOKP-B-160	2017	2
blaOKP-B-161	2013	4
blaOKP-B-162	2002	16
blaOKP-B-163	2020	1
blaOKP-B-164	2018	5
blaOKP-B-166	2019	1
blaOKP-B-168	2012	2
blaOKP-B-169	2016	1
blaOKP-B-17	2001	120
blaOKP-B-170	2019	5
blaOKP-B-171	2017	6
blaOKP-B-172	2019	1
blaOKP-B-173	2017	1
blaOKP-B-174	2019	1
blaOKP-B-175	2022	1
blaOKP-B-177	2008	11
blaOKP-B-178	2019	1
blaOKP-B-179	2003	7
blaOKP-B-18	2009	2
blaOKP-B-180	2015	11
blaOKP-B-182	2016	1
blaOKP-B-184	2018	2
blaOKP-B-185	2016	4
blaOKP-B-186	2019	1
blaOKP-B-187	2017	3
blaOKP-B-188	2016	3
blaOKP-B-189	2013	8
blaOKP-B-19	2002	25
blaOKP-B-190	2014	4
blaOKP-B-192	2010	36
blaOKP-B-193	2018	3
blaOKP-B-194	2021	1
blaOKP-B-195	2013	10
blaOKP-B-197	2020	1
blaOKP-B-198	2018	1
blaOKP-B-199	2018	1
blaOKP-B-2	2001	200
blaOKP-B-20	2014	17
blaOKP-B-200	2020	2
blaOKP-B-201	2018	3
blaOKP-B-21	2008	56
blaOKP-B-22	1900	89
blaOKP-B-23	2006	56
blaOKP-B-24	2000	3
blaOKP-B-27	1999	17
blaOKP-B-28	2012	17
blaOKP-B-29	2018	5
blaOKP-B-3	2005	43
blaOKP-B-30	2017	1
blaOKP-B-31	2005	5
blaOKP-B-33	2014	14
blaOKP-B-34	2003	112
blaOKP-B-36	2002	15
blaOKP-B-38	2017	5
blaOKP-B-4	2013	29
blaOKP-B-40	2016	8
blaOKP-B-41	2003	85
blaOKP-B-42	2022	1
blaOKP-B-44	2018	2
blaOKP-B-45	2001	63
blaOKP-B-48	2005	3
blaOKP-B-49	2015	23
blaOKP-B-5	1900	265
blaOKP-B-50	2001	2
blaOKP-B-51	2005	35
blaOKP-B-52	2014	4
blaOKP-B-53	2009	7
blaOKP-B-54	2007	6
blaOKP-B-55	2015	6
blaOKP-B-57	2015	1
blaOKP-B-58	2024	1
blaOKP-B-6	1994	390
blaOKP-B-60	2003	46
blaOKP-B-62	2019	1
blaOKP-B-63	2012	16
blaOKP-B-64	2006	6
blaOKP-B-65	2020	2
blaOKP-B-66	2019	3
blaOKP-B-67	2023	1
blaOKP-B-69	2018	10
blaOKP-B-7	2001	113
blaOKP-B-71	2002	4
blaOKP-B-73	2019	1
blaOKP-B-76	2017	24
blaOKP-B-77	2017	8
blaOKP-B-78	2019	1
blaOKP-B-79	2015	17
blaOKP-B-8	1997	343
blaOKP-B-80	2018	2
blaOKP-B-81	2019	1
blaOKP-B-82	2004	13
blaOKP-B-83	2018	8
blaOKP-B-84	2021	1
blaOKP-B-85	2017	2
blaOKP-B-86	2008	11
blaOKP-B-87	2017	27
blaOKP-B-88	2014	4
blaOKP-B-89	2014	2
blaOKP-B-9	2015	5
blaOKP-B-90	2017	1
blaOKP-B-91	2019	1
blaOKP-B-92	2021	1
blaOKP-B-94	2015	6
blaOKP-B-95	2013	4
blaOKP-B-96	2019	1
blaOKP-B-97	2020	1
blaOKP-B-98	2014	2
blaOKP-B-99	2019	1
blaOKP-C-1	2009	3
blaOKP-D-1	2017	13
blaOKP-D-2	2015	2
blaORN-1	2017	3
blaOXA-1	1018	81856
blaOXA-10	1981	4867
blaOXA-101	2019	10
blaOXA-1041	2020	2
blaOXA-1042	2013	3
blaOXA-1083	2016	1
blaOXA-1087	2023	1
blaOXA-1095	2017	1
blaOXA-1146	2016	2
blaOXA-1181	2018	23
blaOXA-1183	2012	3
blaOXA-1201	2023	5
blaOXA-1205	2022	115
blaOXA-1207	2020	140
blaOXA-1211	2019	1
blaOXA-1212	2019	1
blaOXA-1213	2019	1
blaOXA-1226	2023	2
blaOXA-1242	2022	1
blaOXA-129	2009	11
blaOXA-1305	2021	2
blaOXA-1308	2022	3
blaOXA-1309	2026	2
blaOXA-1366	2024	1
blaOXA-1367	2022	4
blaOXA-1389	2009	1
blaOXA-1391	2008	131
blaOXA-1397	1905	366
blaOXA-1451	2023	11
blaOXA-1452	2024	1
blaOXA-162	2011	43
blaOXA-163	2011	11
blaOXA-17	2012	25
blaOXA-181	1905	6237
blaOXA-193	2017	1
blaOXA-2	1900	725
blaOXA-204	2009	31
blaOXA-21	2002	31
blaOXA-224	2014	2
blaOXA-23	2009	50
blaOXA-232	1905	4742
blaOXA-24	2013	2
blaOXA-244	2012	1742
blaOXA-245	2011	78
blaOXA-256	2019	1
blaOXA-320	2020	1
blaOXA-347	2018	1
blaOXA-35	2023	1
blaOXA-370	2013	4
blaOXA-392	2002	6
blaOXA-4	1989	61
blaOXA-427	2014	3
blaOXA-436	2014	1
blaOXA-438	2021	1
blaOXA-439	2016	1
blaOXA-48	2009	11879
blaOXA-484	2014	298
blaOXA-50	2016	2
blaOXA-517	2015	1
blaOXA-519	2016	2
blaOXA-534	2013	32
blaOXA-566	2017	1
blaOXA-58	2014	2
blaOXA-66	2024	1
blaOXA-663	2012	1
blaOXA-72	2015	8
blaOXA-779	2022	2
blaOXA-780	2023	1
blaOXA-796	2017	4
blaOXA-827	2018	3
blaOXA-848	2017	1
blaOXA-9	1980	11094
blaOXA-917	2024	2
blaOXA-920	2014	1
blaOXA-921	2019	1
blaOXA-926	2008	125
blaOXA-932	2018	29
blaOXA-933	2019	1
blaOXY-1-1	2015	83
blaOXY-1-10	2018	1
blaOXY-1-11	2017	7
blaOXY-1-13	2017	1
blaOXY-1-14	2017	7
blaOXY-1-18	2017	3
blaOXY-1-2	2017	41
blaOXY-1-3	2002	19
blaOXY-1-36	2013	1
blaOXY-1-4	2017	4
blaOXY-1-40	2017	1
blaOXY-1-42	2017	2
blaOXY-1-47	2023	1
blaOXY-1-7	2017	34
blaOXY-1-8	2017	10
blaOXY-1-9	2017	16
blaOXY-12-1	2023	3
blaOXY-2-1	2017	6
blaOXY-2-10	2018	1
blaOXY-2-11	2010	10
blaOXY-2-12	2017	7
blaOXY-2-16	2017	17
blaOXY-2-18	2001	1
blaOXY-2-2	2017	3
blaOXY-2-20	2018	3
blaOXY-2-22	2020	1
blaOXY-2-28	2017	1
blaOXY-2-4	2016	17
blaOXY-2-6	2017	1
blaOXY-2-66	2018	1
blaOXY-2-7	2017	5
blaOXY-2-71	2017	2
blaOXY-2-8	2017	1
blaOXY-4-1	2017	17
blaOXY-4-2	2017	1
blaOXY-4-3	2018	3
blaOXY-4-4	2018	2
blaOXY-4-5	2018	1
blaOXY-5-1	2017	8
blaOXY-5-11	2024	1
blaOXY-5-2	2018	5
blaOXY-5-3	2017	9
blaOXY-5-4	2017	6
blaOXY-5-5	2017	6
blaOXY-5-6	2017	2
blaOXY-5-7	2017	1
blaOXY-5-9	2017	3
blaOXY-6-1	2017	43
blaOXY-6-13	2017	20
blaOXY-6-17	2017	10
blaOXY-6-2	2017	13
blaOXY-6-20	2018	2
blaOXY-6-22	2018	1
blaOXY-6-23	2018	1
blaOXY-6-27	2017	4
blaOXY-6-3	2017	17
blaOXY-6-4	2017	22
blaOXY-6-5	2017	28
blaOXY-6-6	2009	8
blaOXY-6-7	2018	4
blaPAC-2	2023	3
blaPAU-1	2022	1
blaPDC-1	2023	1
blaPDC-35	2024	1
blaPDC-5	2016	1
blaPDC-98	2025	1
blaPER-1	2015	18
blaPER-2	2016	8
blaPER-3	2009	3
blaPER-7	2013	5
blaPME-1	2025	1
blaROB-1	2023	1
blaROB-11	2017	15
blaSCO-1	1980	481
blaSCO-2	2019	9
blaSFO-1	2011	411
blaSHV-1	1900	27196
blaSHV-100	2009	41
blaSHV-102	2000	3
blaSHV-103	2009	41
blaSHV-105	2017	1
blaSHV-106	2002	28
blaSHV-107	2018	2
blaSHV-108	1900	379
blaSHV-109	2025	1
blaSHV-11	1900	63593
blaSHV-110	2000	372
blaSHV-111	2011	33
blaSHV-115	2008	28
blaSHV-116	1998	51
blaSHV-119	2005	126
blaSHV-12	1905	15271
blaSHV-120	2013	16
blaSHV-121	2003	86
blaSHV-132	2017	3
blaSHV-133	2004	22
blaSHV-134	2013	6
blaSHV-135	2017	3
blaSHV-137	2011	3
blaSHV-14	1900	242
blaSHV-141	2004	2
blaSHV-142	2006	189
blaSHV-144	2014	51
blaSHV-145	2019	1
blaSHV-146	2008	14
blaSHV-154	2009	7
blaSHV-157	2005	53
blaSHV-159	2019	2
blaSHV-161	1996	9
blaSHV-164	2005	96
blaSHV-168	2001	542
blaSHV-171	2006	12
blaSHV-172	2001	9
blaSHV-175	2014	2
blaSHV-18	1994	21
blaSHV-180	2017	4
blaSHV-186	2007	19
blaSHV-187	1997	2100
blaSHV-189	2013	3
blaSHV-19	2017	4
blaSHV-191	2012	4
blaSHV-193	2013	25
blaSHV-194	2011	9
blaSHV-195	2015	1
blaSHV-196	1999	17
blaSHV-198	2016	12
blaSHV-199	2023	1
blaSHV-2	1996	581
blaSHV-200	2013	1
blaSHV-201	2008	37
blaSHV-202	2009	22
blaSHV-204	2005	54
blaSHV-205	2016	285
blaSHV-206	2018	3
blaSHV-207	2011	184
blaSHV-209	2008	22
blaSHV-210	1900	1
blaSHV-211	2001	18
blaSHV-212	2021	1
blaSHV-213	2018	1
blaSHV-214	2013	8
blaSHV-215	2008	10
blaSHV-216	2021	1
blaSHV-217	2014	67
blaSHV-218	2018	1
blaSHV-219	2011	10
blaSHV-220	2007	60
blaSHV-223	2013	2
blaSHV-224	2010	52
blaSHV-225	2021	1
blaSHV-226	2018	19
blaSHV-227	2019	1
blaSHV-229	2017	2
blaSHV-230	2018	2
blaSHV-231	2022	3
blaSHV-232	2012	29
blaSHV-234	2017	2
blaSHV-235	2012	5
blaSHV-236	2017	14
blaSHV-237	2018	1
blaSHV-238	2021	12
blaSHV-239	2018	3
blaSHV-24	2011	1
blaSHV-240	2010	20
blaSHV-242	2010	4
blaSHV-243	2018	1
blaSHV-244	2010	10
blaSHV-248	2017	31
blaSHV-25	2001	215
blaSHV-250	2022	4
blaSHV-253	2007	70
blaSHV-254	2011	23
blaSHV-255	2005	1
blaSHV-26	2001	1083
blaSHV-27	1900	3286
blaSHV-28	1980	15702
blaSHV-30	2003	109
blaSHV-31	2009	186
blaSHV-32	2001	290
blaSHV-33	1970	1027
blaSHV-36	1900	621
blaSHV-37	2001	119
blaSHV-38	2007	220
blaSHV-4	2021	1
blaSHV-40	2001	152
blaSHV-41	2005	178
blaSHV-42	1900	97
blaSHV-44	2002	8
blaSHV-45	2008	14
blaSHV-49	1996	11
blaSHV-5	1900	769
blaSHV-50	2018	9
blaSHV-51	2016	3
blaSHV-52	1998	115
blaSHV-55	2001	164
blaSHV-56	2002	5
blaSHV-57	2024	1
blaSHV-59	2013	5
blaSHV-6	2017	1
blaSHV-60	2002	333
blaSHV-61	2001	327
blaSHV-62	2004	209
blaSHV-63	2009	67
blaSHV-65	2000	55
blaSHV-69	2005	14
blaSHV-7	2001	466
blaSHV-70	2020	1
blaSHV-71	2001	309
blaSHV-75	1900	488
blaSHV-76	2002	694
blaSHV-77	2005	169
blaSHV-78	2012	1
blaSHV-8	2002	2
blaSHV-80	2007	90
blaSHV-82	2017	3
blaSHV-84	2015	6
blaSHV-85	2010	6
blaSHV-89	2009	5
blaSHV-93	2012	31
blaSHV-96	2025	1
blaSHV-99	2012	1
blaSRT-2	2018	1
blaTEM-1	1018	196363
blaTEM-10	1988	24
blaTEM-103	2012	25
blaTEM-104	2022	1
blaTEM-105	2009	2
blaTEM-106	2015	7
blaTEM-110	1983	2
blaTEM-113	2017	2
blaTEM-116	1954	303
blaTEM-12	1994	79
blaTEM-122	2007	7
blaTEM-127	2019	1
blaTEM-128	2011	2
blaTEM-132	2009	1
blaTEM-133	2019	4
blaTEM-135	2002	1618
blaTEM-141	2016	1
blaTEM-143	2016	3
blaTEM-148	2014	7
blaTEM-15	2011	27
blaTEM-150	2019	2
blaTEM-154	2016	1
blaTEM-155	2021	15
blaTEM-156	2005	5
blaTEM-16	2019	1
blaTEM-166	1997	32
blaTEM-168	2017	8
blaTEM-169	2012	170
blaTEM-17	2013	20
blaTEM-171	2011	40
blaTEM-176	1900	1111
blaTEM-181	2000	133
blaTEM-183	2010	3
blaTEM-185	2012	4
blaTEM-19	1984	76
blaTEM-190	2002	721
blaTEM-191	2008	6
blaTEM-198	2015	2
blaTEM-2	2003	17
blaTEM-20	2010	12
blaTEM-206	2012	147
blaTEM-207	1992	18
blaTEM-208	2014	3
blaTEM-209	2016	2
blaTEM-210	2009	89
blaTEM-212	2017	10
blaTEM-213	2013	8
blaTEM-214	2012	26
blaTEM-215	2012	218
blaTEM-217	2021	2
blaTEM-219	2013	10
blaTEM-231	2016	5
blaTEM-234	2021	1
blaTEM-236	2019	2
blaTEM-237	2015	6
blaTEM-238	2017	31
blaTEM-24	1997	13
blaTEM-240	2009	6
blaTEM-244	2016	3
blaTEM-245	2020	1
blaTEM-251	2019	3
blaTEM-252	2023	1
blaTEM-255	2022	2
blaTEM-256	2011	94
blaTEM-257	2018	37
blaTEM-259	2012	7
blaTEM-26	2012	134
blaTEM-260	2020	1
blaTEM-263	2018	2
blaTEM-267	2021	1
blaTEM-270	2013	2
blaTEM-272	2014	11
blaTEM-28	1999	4
blaTEM-29	1998	24
blaTEM-3	2006	10
blaTEM-30	1995	560
blaTEM-31	2001	135
blaTEM-32	2007	273
blaTEM-33	1997	276
blaTEM-34	2005	141
blaTEM-35	2002	276
blaTEM-36	2014	26
blaTEM-37	2007	65
blaTEM-39	2007	68
blaTEM-4	1997	1
blaTEM-40	1998	1550
blaTEM-5	1997	1
blaTEM-52	2002	499
blaTEM-54	2000	11
blaTEM-55	2019	1
blaTEM-57	2011	167
blaTEM-6	1997	3
blaTEM-63	2001	4
blaTEM-7	1997	1
blaTEM-71	2012	1
blaTEM-76	2012	10
blaTEM-77	2007	2
blaTEM-79	2012	43
blaTEM-8	2003	1
blaTEM-80	2015	4
blaTEM-81	2015	1
blaTEM-83	2007	1
blaTEM-84	2009	94
blaTEM-9	2003	3
blaTEM-90	2018	1
blaTEM-92	2019	1
blaTEM-96	2024	1
blaTLA-2	2016	1
blaTMB-1	2019	3
blaVEB-1	2003	173
blaVEB-17	2015	20
blaVEB-2	2018	1
blaVEB-20	2022	1
blaVEB-21	2018	1
blaVEB-25	2019	8
blaVEB-3	2011	27
blaVEB-35	2023	3
blaVEB-5	2007	85
blaVEB-6	2021	6
blaVEB-8	2011	2
blaVEB-9	2011	38
blaVIM-1	2003	1134
blaVIM-12	2008	4
blaVIM-19	2007	28
blaVIM-2	2014	11
blaVIM-20	2011	9
blaVIM-23	2015	8
blaVIM-24	2010	11
blaVIM-26	2006	15
blaVIM-27	2008	7
blaVIM-28	2009	1
blaVIM-29	2011	10
blaVIM-31	2023	2
blaVIM-32	2024	1
blaVIM-33	2006	4
blaVIM-34	2012	1
blaVIM-4	2005	272
blaVIM-5	2008	4
blaVIM-86	2019	1
