species	drug	biosample	year	category	unseen_relevant	known_relevant
klebsiella	ceftazidime	SAMN26368961	2020	c_no_determinant		
klebsiella	ceftazidime	SAMN26368955	2020	c_no_determinant		
klebsiella	ceftazidime	SAMN26368942	2020	b_known_determinant		blaSHV
klebsiella	ceftazidime	SAMN26369071	2020	c_no_determinant		
klebsiella	ceftazidime	SAMN26369065	2020	c_no_determinant		
klebsiella	ceftazidime	SAMN26369052	2020	c_no_determinant		
klebsiella	ceftazidime	SAMN26369046	2020	c_no_determinant		
klebsiella	ceftazidime	SAMN26369040	2020	c_no_determinant		
klebsiella	ceftazidime	SAMN26369023	2020	c_no_determinant		
klebsiella	ceftazidime	SAMN26369016	2020	c_no_determinant		
klebsiella	ceftazidime	SAMN26369012	2020	c_no_determinant		
klebsiella	ceftazidime	SAMN26369008	2020	c_no_determinant		
klebsiella	ceftazidime	SAMN26369006	2020	c_no_determinant		
klebsiella	ceftazidime	SAMN26368987	2020	c_no_determinant		
klebsiella	ceftazidime	SAMN26368986	2020	c_no_determinant		
klebsiella	ceftazidime	SAMN26368981	2020	c_no_determinant		
klebsiella	ceftazidime	SAMN26368922	2020	b_known_determinant		blaSHV;blaSHV-38;ompK35_E132K
klebsiella	ceftazidime	SAMN26368974	2020	b_known_determinant		blaSHV
klebsiella	ceftazidime	SAMN26368969	2020	c_no_determinant		
klebsiella	ceftazidime	SAMN31774407	2022	a_unseen_determinant	blaNDM-50	blaSHV
klebsiella	ceftazidime	SAMN35219276	2021	b_known_determinant		blaCMY-2
klebsiella	ceftazidime	SAMN35219272	2021	b_known_determinant		ampC-Kaer
klebsiella	ceftazidime	SAMN35219271	2021	b_known_determinant		ampC-Kaer
klebsiella	ceftazidime	SAMN35159658	2022	b_known_determinant		blaCMY-2
klebsiella	ceftazidime	SAMN35159656	2022	b_known_determinant		ampC-Kaer
klebsiella	ceftazidime	SAMN35159646	2022	b_known_determinant		ampC-Kaer
klebsiella	ceftazidime	SAMN35159608	2022	b_known_determinant		ampC-Kaer
klebsiella	ceftazidime	SAMN35159601	2022	a_unseen_determinant	blaCTX-M-220	blaSHV
klebsiella	ceftazidime	SAMN35159600	2022	b_known_determinant		blaCTX-M-15;blaOXA-1
klebsiella	ceftazidime	SAMN35159598	2022	b_known_determinant		ampC-Kaer
klebsiella	ceftazidime	SAMN35159597	2022	b_known_determinant		ampC-Kaer
klebsiella	ceftazidime	SAMN35159619	2022	c_no_determinant		
klebsiella	ceftazidime	SAMN35159611	2022	b_known_determinant		ampC-Kaer
klebsiella	ceftazidime	SAMN35159579	2023	a_unseen_determinant	ampC	
klebsiella	ceftazidime	SAMN35159675	2022	b_known_determinant		ampC-Kaer
klebsiella	ceftazidime	SAMN35159673	2022	b_known_determinant		ampC-Kaer
klebsiella	ceftazidime	SAMN36728987	2023	b_known_determinant		ampC-Kaer
klebsiella	ceftazidime	SAMN36892857	2023	b_known_determinant		ampC-Kaer
klebsiella	ceftazidime	SAMN37516940	2023	b_known_determinant		ampC-Kaer
klebsiella	ceftazidime	SAMN37516930	2023	b_known_determinant		ampC-Kaer
klebsiella	ceftazidime	SAMN38228877	2023	b_known_determinant		ampC-Kaer
klebsiella	ceftazidime	SAMN38228840	2023	b_known_determinant		ampC-Kaer
klebsiella	ceftazidime	SAMN40752437	2021	b_known_determinant		blaNDM-7
klebsiella	ceftazidime	SAMN40930665	2024	b_known_determinant		blaCTX-M-15
klebsiella	ceftazidime	SAMN40930647	2024	b_known_determinant		ampC-Kaer
klebsiella	ceftazidime	SAMN40930641	2024	b_known_determinant		blaCTX-M-15
klebsiella	ceftazidime	SAMN43765573	2020	b_known_determinant		blaCTX-M-15;blaOXA-1;blaOXA-48;ompK36_D135DGD
klebsiella	ceftazidime	SAMN46841721	2023	b_known_determinant		blaKPC-2
klebsiella	ceftazidime	SAMN41136771	2023	b_known_determinant		blaKPC-2;ompK35_E132K
klebsiella	ceftazidime	SAMN41136749	2022	b_known_determinant		blaKPC-2;ompK35_E132K
klebsiella	ceftazidime	SAMN41136754	2023	b_known_determinant		blaKPC-2
klebsiella	ceftazidime	SAMN41136750	2022	b_known_determinant		blaKPC-2;ompK35_E132K
klebsiella	ceftazidime	SAMN41136767	2023	b_known_determinant		blaKPC-2;ompK35_E132K
klebsiella	ceftazidime	SAMN41136768	2023	b_known_determinant		ompK35_E132K
klebsiella	ceftazidime	SAMN41136770	2023	b_known_determinant		blaKPC-2;ompK35_E132K
klebsiella	ceftazidime	SAMN41136758	2023	b_known_determinant		blaKPC-2;ompK35_E132K
klebsiella	ceftazidime	SAMN41136765	2023	b_known_determinant		blaKPC-2;ompK35_E132K
klebsiella	ceftazidime	SAMN46841718	2023	b_known_determinant		blaKPC-2;ompK35_E132K
klebsiella	ceftazidime	SAMN46841719	2023	b_known_determinant		blaKPC-2;ompK35_E132K
klebsiella	ceftazidime	SAMN46841717	2023	b_known_determinant		blaKPC-2;ompK35_E132K
klebsiella	ceftazidime	SAMN41136760	2023	b_known_determinant		blaKPC-2
klebsiella	ceftazidime	SAMN41136756	2023	b_known_determinant		blaKPC-2;ompK35_E132K
klebsiella	ceftazidime	SAMN41136763	2023	b_known_determinant		blaKPC-2;ompK35_E132K
klebsiella	ceftazidime	SAMN41136762	2023	b_known_determinant		blaKPC-2;ompK35_E132K
klebsiella	ceftazidime	SAMN41136761	2023	b_known_determinant		blaKPC-2;ompK35_E132K
klebsiella	ceftazidime	SAMN41136755	2023	b_known_determinant		blaKPC-2;ompK35_E132K
klebsiella	ceftazidime	SAMN46778011	2020	b_known_determinant		blaKPC-2
klebsiella	ceftazidime	SAMN46778010	2021	a_unseen_determinant	blaKPC-157	
klebsiella	ceftazidime	SAMN46778009	2021	b_known_determinant		blaKPC-2
klebsiella	ceftazidime	SAMN51434729	2022	c_no_determinant		
klebsiella	ceftazidime	SAMN51434726	2022	c_no_determinant		
klebsiella	ceftazidime	SAMN51434669	2020	c_no_determinant		
klebsiella	ceftazidime	SAMN51434647	2021	b_known_determinant		ompK36_D135DGD
klebsiella	ceftazidime	SAMN51434559	2022	c_no_determinant		
klebsiella	ceftazidime	SAMN51434558	2022	c_no_determinant		
klebsiella	ceftazidime	SAMN51434556	2022	c_no_determinant		
klebsiella	ceftazidime	SAMN51434557	2020	c_no_determinant		
klebsiella	ceftazidime	SAMN51434555	2022	c_no_determinant		
klebsiella	ceftazidime	SAMN51434554	2020	c_no_determinant		
klebsiella	meropenem	SAMN31774407	2022	a_unseen_determinant	blaNDM-50	
klebsiella	meropenem	SAMN35219276	2021	c_no_determinant		
klebsiella	meropenem	SAMN35159639	2022	c_no_determinant		
klebsiella	meropenem	SAMN35159638	2022	c_no_determinant		
klebsiella	meropenem	SAMN35159601	2022	c_no_determinant		
klebsiella	meropenem	SAMN35159615	2021	c_no_determinant		
klebsiella	meropenem	SAMN35159613	2021	c_no_determinant		
klebsiella	meropenem	SAMN38228851	2023	c_no_determinant		
klebsiella	meropenem	SAMN40752437	2021	b_known_determinant		blaNDM-7
klebsiella	meropenem	SAMN46841723	2022	b_known_determinant		blaKPC-2
klebsiella	meropenem	SAMN46841716	2022	b_known_determinant		blaKPC-2
klebsiella	meropenem	SAMN46841724	2022	b_known_determinant		blaKPC-3
klebsiella	meropenem	SAMN46558901	2023	b_known_determinant		blaNDM-5
klebsiella	meropenem	SAMN46778011	2020	b_known_determinant		blaKPC-2
klebsiella	meropenem	SAMN46778010	2021	a_unseen_determinant	blaKPC-157	
klebsiella	meropenem	SAMN46778009	2021	b_known_determinant		blaKPC-2
klebsiella	meropenem	SAMN51434805	2022	c_no_determinant		
klebsiella	meropenem	SAMN51434802	2022	c_no_determinant		
klebsiella	meropenem	SAMN51434803	2022	c_no_determinant		
klebsiella	meropenem	SAMN51434800	2022	c_no_determinant		
klebsiella	meropenem	SAMN51434797	2022	c_no_determinant		
klebsiella	meropenem	SAMN51434796	2022	c_no_determinant		
klebsiella	meropenem	SAMN51434794	2022	c_no_determinant		
klebsiella	meropenem	SAMN51434795	2022	c_no_determinant		
klebsiella	meropenem	SAMN51434792	2022	c_no_determinant		
klebsiella	meropenem	SAMN51434790	2022	c_no_determinant		
klebsiella	meropenem	SAMN51434791	2022	c_no_determinant		
klebsiella	meropenem	SAMN51434789	2022	b_known_determinant		ompK35_E132K
klebsiella	meropenem	SAMN51434784	2022	c_no_determinant		
klebsiella	meropenem	SAMN51434785	2022	c_no_determinant		
klebsiella	meropenem	SAMN51434783	2022	c_no_determinant		
klebsiella	meropenem	SAMN51434782	2022	b_known_determinant		ompK35_E132K
klebsiella	meropenem	SAMN51434778	2022	c_no_determinant		
klebsiella	meropenem	SAMN51434777	2022	c_no_determinant		
klebsiella	meropenem	SAMN51434775	2022	c_no_determinant		
klebsiella	meropenem	SAMN51434772	2022	c_no_determinant		
klebsiella	meropenem	SAMN51434773	2022	c_no_determinant		
klebsiella	meropenem	SAMN51434771	2022	c_no_determinant		
klebsiella	meropenem	SAMN51434768	2022	c_no_determinant		
klebsiella	meropenem	SAMN51434761	2022	c_no_determinant		
klebsiella	meropenem	SAMN51434757	2022	c_no_determinant		
klebsiella	meropenem	SAMN51434748	2022	b_known_determinant		ompK36_D135DGD
klebsiella	meropenem	SAMN51434736	2022	b_known_determinant		ompK36_D135DGD
klebsiella	meropenem	SAMN51434729	2022	c_no_determinant		
klebsiella	meropenem	SAMN51434726	2022	c_no_determinant		
klebsiella	meropenem	SAMN51434725	2022	c_no_determinant		
klebsiella	meropenem	SAMN51434721	2022	b_known_determinant		ompK35_W230Ter
klebsiella	meropenem	SAMN51434719	2021	b_known_determinant		ompK36_D135DGD
klebsiella	meropenem	SAMN51434669	2020	c_no_determinant		
klebsiella	meropenem	SAMN51434647	2021	b_known_determinant		ompK36_D135DGD
klebsiella	meropenem	SAMN51434559	2022	c_no_determinant		
klebsiella	meropenem	SAMN51434558	2022	c_no_determinant		
klebsiella	meropenem	SAMN51434556	2022	c_no_determinant		
klebsiella	meropenem	SAMN51434557	2020	c_no_determinant		
klebsiella	meropenem	SAMN51434555	2022	c_no_determinant		
klebsiella	meropenem	SAMN51434554	2020	c_no_determinant		
klebsiella	ciprofloxacin	SAMN31774407	2022	b_known_determinant		oqxA;oqxB5;qnrS;qnrS1
klebsiella	ciprofloxacin	SAMN35219277	2022	b_known_determinant		qnrS1
klebsiella	ciprofloxacin	SAMN35159656	2022	b_known_determinant		gyrA_S83T;oqxB;oqxB
klebsiella	ciprofloxacin	SAMN35159653	2022	b_known_determinant		oqxA;oqxB5;qnrS1
klebsiella	ciprofloxacin	SAMN35159637	2022	b_known_determinant		aac(6')-Ib-cr5;oqxA;oqxB19;qnrB1
klebsiella	ciprofloxacin	SAMN35159635	2022	b_known_determinant		oqxA;oqxB;qnrS1
klebsiella	ciprofloxacin	SAMN35159606	2022	b_known_determinant		aac(6')-Ib-cr5;qnrB1
klebsiella	ciprofloxacin	SAMN35159605	2022	b_known_determinant		aac(6')-Ib-cr5;qnrB1
klebsiella	ciprofloxacin	SAMN35159604	2022	b_known_determinant		oqxA3;oqxB19;qnrS1
klebsiella	ciprofloxacin	SAMN35159600	2022	b_known_determinant		aac(6')-Ib-cr5;oqxA;oqxB;qnrB1
klebsiella	ciprofloxacin	SAMN35159591	2023	b_known_determinant		oqxA;oqxB32;qnrS1
klebsiella	ciprofloxacin	SAMN35159590	2023	b_known_determinant		oqxA3;oqxB19;qnrB19
klebsiella	ciprofloxacin	SAMN35159588	2023	b_known_determinant		aac(6')-Ib-cr5;oqxA;oqxB;oqxB;qnrB;qnrB1
klebsiella	ciprofloxacin	SAMN35159633	2022	b_known_determinant		aac(6')-Ib-cr5;oqxA;oqxB;qnrB1
klebsiella	ciprofloxacin	SAMN35159629	2021	b_known_determinant		oqxA;oqxB15;oqxR_D95E;oqxR_V113I;qnrS1
klebsiella	ciprofloxacin	SAMN35159628	2021	b_known_determinant		oqxA;oqxB15;oqxR_D95E;oqxR_V113I;qnrS1
klebsiella	ciprofloxacin	SAMN35159623	2022	b_known_determinant		oqxA;oqxB;qnrS1
klebsiella	ciprofloxacin	SAMN35159619	2022	b_known_determinant		oqxA;oqxB5
klebsiella	ciprofloxacin	SAMN35159617	2022	b_known_determinant		oqxA;oqxB25;qnrB1
klebsiella	ciprofloxacin	SAMN35159616	2022	b_known_determinant		gyrA_S83T;oqxB
klebsiella	ciprofloxacin	SAMN35159614	2022	a_unseen_determinant	qnrB91	aac(6')-Ib-cr5;oqxA;oqxB
klebsiella	ciprofloxacin	SAMN35159613	2021	b_known_determinant		aac(6')-Ib-cr5;oqxA;oqxB25;qnrB6
klebsiella	ciprofloxacin	SAMN35159682	2022	b_known_determinant		oqxA3;oqxB19;qnrS1
klebsiella	ciprofloxacin	SAMN35159681	2023	b_known_determinant		aac(6')-Ib-cr5;oqxA;oqxB;qnrB1
klebsiella	ciprofloxacin	SAMN35159673	2022	b_known_determinant		gyrA_S83I;oqxB
klebsiella	ciprofloxacin	SAMN35159670	2022	b_known_determinant		oqxA;oqxB25;qnrS1
klebsiella	ciprofloxacin	SAMN36727322	2023	b_known_determinant		oqxA;oqxB19;qnrS1
klebsiella	ciprofloxacin	SAMN36727339	2023	b_known_determinant		oqxA;oqxB25;qnrS1
klebsiella	ciprofloxacin	SAMN36729193	2023	b_known_determinant		oqxA;oqxB19;qnrS1
klebsiella	ciprofloxacin	SAMN36729014	2023	a_unseen_determinant	oqxB9	oqxA;oqxR_D95E;oqxR_V113I;qnrB19;qnrS1
klebsiella	ciprofloxacin	SAMN36892861	2023	b_known_determinant		oqxA3;oqxB19;qnrS1
klebsiella	ciprofloxacin	SAMN37516935	2023	b_known_determinant		oqxA10;oqxB5;qnrS1
klebsiella	ciprofloxacin	SAMN37516928	2023	b_known_determinant		oqxA;oqxB;qnrS1
klebsiella	ciprofloxacin	SAMN37516907	2023	b_known_determinant		oqxA;oqxB;qnrS1
klebsiella	ciprofloxacin	SAMN37516883	2023	b_known_determinant		qnrB19;qnrS1
klebsiella	ciprofloxacin	SAMN38228838	2023	b_known_determinant		gyrA_D87N;oqxA;oqxB;qnrB1
klebsiella	ciprofloxacin	SAMN40930671	2024	b_known_determinant		oqxA;oqxB32;qnrS1
klebsiella	ciprofloxacin	SAMN40930665	2024	b_known_determinant		oqxA;oqxB;oqxR_D95E
klebsiella	ciprofloxacin	SAMN41091862	2024	b_known_determinant		oqxA;oqxB25;qnrS1
klebsiella	ciprofloxacin	SAMN41558534	2023	b_known_determinant		oqxA;oqxB;qnrS1
klebsiella	ciprofloxacin	SAMN43765573	2020	b_known_determinant		aac(6')-Ib-cr5;gyrA_D87G;gyrA_S83Y;oqxA;oqxB;parC_S80I
klebsiella	ciprofloxacin	SAMN46841724	2022	b_known_determinant		oqxA;oqxB
klebsiella	ciprofloxacin	SAMN41136760	2023	b_known_determinant		oqxA;oqxB
klebsiella	ciprofloxacin	SAMN46778010	2021	b_known_determinant		gyrA_S83Y
klebsiella	ciprofloxacin	SAMN48878144	2023	b_known_determinant		oqxA11;oqxB19;qnrS1
klebsiella	ciprofloxacin	SAMN48878774	2023	b_known_determinant		gyrA_S83I;oqxA11;oqxB19;qnrS1
klebsiella	ciprofloxacin	SAMN48878583	2023	b_known_determinant		oqxA10;oqxB
klebsiella	ciprofloxacin	SAMN48878063	2023	b_known_determinant		aac(6')-Ib-cr5;oqxA;oqxB;qnrB1
klebsiella	ciprofloxacin	SAMN48878891	2023	b_known_determinant		aac(6')-Ib-cr5;oqxA;oqxB19;qnrB1
klebsiella	ciprofloxacin	SAMN48878714	2023	b_known_determinant		oqxA;oqxB;oqxB19;qnrS1
klebsiella	ciprofloxacin	SAMN54368220	2022	b_known_determinant		oqxA;oqxB19;qnrB19
klebsiella	ciprofloxacin	SAMN51434729	2022	b_known_determinant		oqxA11;oqxB19
klebsiella	ciprofloxacin	SAMN51434726	2022	b_known_determinant		oqxA;oqxB
klebsiella	ciprofloxacin	SAMN51434669	2020	b_known_determinant		oqxA10;oqxB19
klebsiella	ciprofloxacin	SAMN51434658	2021	c_no_determinant		
klebsiella	ciprofloxacin	SAMN51434559	2022	b_known_determinant		oqxA;oqxB15;oqxR_D95E;oqxR_V113I
klebsiella	ciprofloxacin	SAMN51434558	2022	b_known_determinant		oqxA;oqxB15;oqxR_D95E;oqxR_V113I
klebsiella	ciprofloxacin	SAMN51434556	2022	b_known_determinant		oqxA;oqxB;oqxR_D95E
klebsiella	ciprofloxacin	SAMN51434557	2020	a_unseen_determinant	oqxB9	oqxA;oqxR_D95E;oqxR_V113I
klebsiella	ciprofloxacin	SAMN51434555	2022	b_known_determinant		oqxA;oqxB;oqxR_D95E
klebsiella	ciprofloxacin	SAMN51434554	2020	b_known_determinant		oqxA;oqxB;oqxR_D95E
klebsiella	gentamicin	SAMN35159594	2022	c_no_determinant		
klebsiella	gentamicin	SAMN35159593	2022	b_known_determinant		aac(3)-Ib;aac(6')-Ib'
klebsiella	gentamicin	SAMN35159577	2023	b_known_determinant		aac(3)-IId
klebsiella	gentamicin	SAMN38228851	2023	c_no_determinant		
klebsiella	gentamicin	SAMN46841716	2022	c_no_determinant		
klebsiella	gentamicin	SAMN41136751	2023	c_no_determinant		
klebsiella	gentamicin	SAMN41136750	2022	c_no_determinant		
klebsiella	gentamicin	SAMN41136760	2023	c_no_determinant		
klebsiella	gentamicin	SAMN41136746	2022	c_no_determinant		
klebsiella	gentamicin	SAMN41136772	2023	c_no_determinant		
klebsiella	gentamicin	SAMN46558901	2023	c_no_determinant		
klebsiella	gentamicin	SAMN46544991	2022	c_no_determinant		
klebsiella	gentamicin	SAMN51434707	2021	c_no_determinant		
klebsiella	gentamicin	SAMN51434685	2020	c_no_determinant		
klebsiella	gentamicin	SAMN51434679	2021	c_no_determinant		
klebsiella	gentamicin	SAMN51434788	2022	c_no_determinant		
klebsiella	gentamicin	SAMN51434782	2022	c_no_determinant		
klebsiella	gentamicin	SAMN51434779	2022	c_no_determinant		
klebsiella	gentamicin	SAMN51434776	2022	c_no_determinant		
klebsiella	gentamicin	SAMN51434773	2022	c_no_determinant		
klebsiella	gentamicin	SAMN51434771	2022	c_no_determinant		
klebsiella	gentamicin	SAMN51434748	2022	c_no_determinant		
klebsiella	gentamicin	SAMN51434729	2022	c_no_determinant		
klebsiella	gentamicin	SAMN51434726	2022	c_no_determinant		
klebsiella	gentamicin	SAMN51434725	2022	c_no_determinant		
klebsiella	gentamicin	SAMN51434721	2022	c_no_determinant		
klebsiella	gentamicin	SAMN51434717	2021	c_no_determinant		
klebsiella	gentamicin	SAMN51434669	2020	c_no_determinant		
klebsiella	gentamicin	SAMN51434666	2021	c_no_determinant		
klebsiella	gentamicin	SAMN51434664	2021	c_no_determinant		
klebsiella	gentamicin	SAMN51434662	2021	c_no_determinant		
klebsiella	gentamicin	SAMN51434660	2021	c_no_determinant		
klebsiella	gentamicin	SAMN51434658	2021	c_no_determinant		
klebsiella	gentamicin	SAMN51434652	2021	c_no_determinant		
klebsiella	gentamicin	SAMN51434651	2021	c_no_determinant		
klebsiella	gentamicin	SAMN51434648	2021	c_no_determinant		
klebsiella	gentamicin	SAMN51434646	2021	c_no_determinant		
klebsiella	gentamicin	SAMN51434645	2021	c_no_determinant		
klebsiella	gentamicin	SAMN51434644	2021	c_no_determinant		
klebsiella	gentamicin	SAMN51434641	2021	c_no_determinant		
klebsiella	gentamicin	SAMN51434640	2021	c_no_determinant		
klebsiella	gentamicin	SAMN51434635	2021	c_no_determinant		
klebsiella	gentamicin	SAMN51434634	2021	c_no_determinant		
klebsiella	gentamicin	SAMN51434633	2021	c_no_determinant		
klebsiella	gentamicin	SAMN51434631	2021	c_no_determinant		
klebsiella	gentamicin	SAMN51434559	2022	c_no_determinant		
klebsiella	gentamicin	SAMN51434558	2022	c_no_determinant		
klebsiella	gentamicin	SAMN51434556	2022	c_no_determinant		
klebsiella	gentamicin	SAMN51434557	2020	c_no_determinant		
klebsiella	gentamicin	SAMN51434555	2022	c_no_determinant		
klebsiella	gentamicin	SAMN51434554	2020	c_no_determinant		
klebsiella	gentamicin	SAMN51434693	2021	c_no_determinant		
klebsiella	gentamicin	SAMN51434684	2021	c_no_determinant		
klebsiella	trimethoprim-sulfamethoxazole	SAMN35159604	2022	c_no_determinant		
klebsiella	trimethoprim-sulfamethoxazole	SAMN35159603	2022	b_known_determinant		dfrA12;sul1
klebsiella	trimethoprim-sulfamethoxazole	SAMN35159619	2022	c_no_determinant		
klebsiella	trimethoprim-sulfamethoxazole	SAMN35159613	2021	b_known_determinant		dfrA27;sul1
klebsiella	trimethoprim-sulfamethoxazole	SAMN35159678	2023	b_known_determinant		dfrA50
klebsiella	trimethoprim-sulfamethoxazole	SAMN30806199	2020	b_known_determinant		dfrA27;sul1
klebsiella	trimethoprim-sulfamethoxazole	SAMN40930665	2024	c_no_determinant		
klebsiella	trimethoprim-sulfamethoxazole	SAMN41091862	2024	b_known_determinant		dfrA14;dfrA50
klebsiella	trimethoprim-sulfamethoxazole	SAMN43765589	2022	b_known_determinant		dfrA14
klebsiella	trimethoprim-sulfamethoxazole	SAMN43765582	2021	b_known_determinant		dfrA14
klebsiella	trimethoprim-sulfamethoxazole	SAMN43765573	2020	b_known_determinant		dfrA1;dfrA12;dfrA14;sul1
klebsiella	trimethoprim-sulfamethoxazole	SAMN48878775	2023	b_known_determinant		dfrA26;sul2
klebsiella	trimethoprim-sulfamethoxazole	SAMN48878683	2023	b_known_determinant		sul2
klebsiella	trimethoprim-sulfamethoxazole	SAMN48878586	2023	b_known_determinant		sul1
klebsiella	trimethoprim-sulfamethoxazole	SAMN51434549	2021	c_no_determinant		
klebsiella	trimethoprim-sulfamethoxazole	SAMN51434548	2021	c_no_determinant		
klebsiella	trimethoprim-sulfamethoxazole	SAMN51434699	2021	b_known_determinant		dfrA50
klebsiella	trimethoprim-sulfamethoxazole	SAMN51434783	2022	c_no_determinant		
klebsiella	trimethoprim-sulfamethoxazole	SAMN51434748	2022	b_known_determinant		dfrA14
klebsiella	trimethoprim-sulfamethoxazole	SAMN51434739	2022	b_known_determinant		dfrA50;sul1;sul2
klebsiella	trimethoprim-sulfamethoxazole	SAMN51434733	2022	c_no_determinant		
klebsiella	trimethoprim-sulfamethoxazole	SAMN51434729	2022	c_no_determinant		
klebsiella	trimethoprim-sulfamethoxazole	SAMN51434726	2022	c_no_determinant		
klebsiella	trimethoprim-sulfamethoxazole	SAMN51434719	2021	b_known_determinant		sul1
klebsiella	trimethoprim-sulfamethoxazole	SAMN51434669	2020	c_no_determinant		
klebsiella	trimethoprim-sulfamethoxazole	SAMN51434660	2021	c_no_determinant		
klebsiella	trimethoprim-sulfamethoxazole	SAMN51434658	2021	c_no_determinant		
klebsiella	trimethoprim-sulfamethoxazole	SAMN51434650	2021	b_known_determinant		sul1;sul2
klebsiella	trimethoprim-sulfamethoxazole	SAMN51434644	2021	c_no_determinant		
klebsiella	trimethoprim-sulfamethoxazole	SAMN51434643	2021	b_known_determinant		sul1
klebsiella	trimethoprim-sulfamethoxazole	SAMN51434640	2021	c_no_determinant		
klebsiella	trimethoprim-sulfamethoxazole	SAMN51434559	2022	c_no_determinant		
klebsiella	trimethoprim-sulfamethoxazole	SAMN51434558	2022	c_no_determinant		
klebsiella	trimethoprim-sulfamethoxazole	SAMN51434556	2022	c_no_determinant		
klebsiella	trimethoprim-sulfamethoxazole	SAMN51434557	2020	c_no_determinant		
klebsiella	trimethoprim-sulfamethoxazole	SAMN51434555	2022	c_no_determinant		
klebsiella	trimethoprim-sulfamethoxazole	SAMN51434554	2020	c_no_determinant		
klebsiella	trimethoprim-sulfamethoxazole	SAMN51434684	2021	b_known_determinant		dfrA14;dfrA50
klebsiella	trimethoprim-sulfamethoxazole	SAMN51434681	2021	b_known_determinant		dfrA50
klebsiella	trimethoprim-sulfamethoxazole	SAMN51434547	2021	c_no_determinant		
ecoli	ceftazidime	SAMN26308414	2020	b_known_determinant		blaCTX-M-27;blaEC
ecoli	ceftazidime	SAMN26309229	2020	b_known_determinant		blaCTX-M-27;blaEC-5
ecoli	ceftazidime	SAMN26309230	2020	b_known_determinant		blaCTX-M-27;blaEC-5
ecoli	ceftazidime	SAMN26309273	2020	b_known_determinant		blaCTX-M-15;blaEC
ecoli	ceftazidime	SAMN26309410	2020	b_known_determinant		blaCTX-M-15;blaDHA-1;blaEC
ecoli	ceftazidime	SAMN26305181	2020	b_known_determinant		blaEC
ecoli	ceftazidime	SAMN26305011	2020	b_known_determinant		blaCTX-M-15;blaDHA-1;blaEC
ecoli	ceftazidime	SAMN26308781	2020	b_known_determinant		blaCTX-M-15;blaEC;blaOXA-1
ecoli	ceftazidime	SAMN26304933	2020	b_known_determinant		blaCTX-M-27;blaEC
ecoli	ceftazidime	SAMN26304569	2020	b_known_determinant		blaCTX-M-15;blaEC
ecoli	ceftazidime	SAMN26304355	2020	b_known_determinant		blaCTX-M-15;blaEC;blaOXA-1
ecoli	ceftazidime	SAMN26304565	2020	b_known_determinant		blaCTX-M-27;blaEC
ecoli	ceftazidime	SAMN26308455	2020	b_known_determinant		blaCTX-M-15;blaEC;blaTEM
ecoli	ceftazidime	SAMN26309248	2020	b_known_determinant		blaCTX-M-55;blaEC-5
ecoli	ceftazidime	SAMN26308702	2020	b_known_determinant		blaCTX-M-15;blaEC
ecoli	ceftazidime	SAMN26305188	2020	b_known_determinant		blaCTX-M-15;blaDHA-1;blaEC
ecoli	ceftazidime	SAMN26305012	2020	b_known_determinant		blaCTX-M-15;blaDHA-1;blaEC
ecoli	ceftazidime	SAMN26308777	2020	b_known_determinant		blaCTX-M-15;blaEC;blaOXA-1
ecoli	ceftazidime	SAMN31087422	2021	b_known_determinant		blaEC;blaSHV-12
ecoli	ceftazidime	SAMN31087421	2021	b_known_determinant		blaCTX-M-55;blaEC
ecoli	ceftazidime	SAMN31087423	2021	b_known_determinant		blaEC;blaTEM-52
ecoli	ceftazidime	SAMN31087418	2021	b_known_determinant		blaCTX-M-15;blaEC
ecoli	ceftazidime	SAMN31087420	2021	b_known_determinant		blaEC
ecoli	ceftazidime	SAMN31087417	2021	b_known_determinant		blaCTX-M-14;blaEC
ecoli	ceftazidime	SAMN31087416	2021	b_known_determinant		blaCTX-M-1;blaEC
ecoli	ceftazidime	SAMN31087414	2021	a_unseen_determinant	blaCTX-M-32	blaEC
ecoli	ceftazidime	SAMN31087415	2021	b_known_determinant		ampC_C-42T;blaEC
ecoli	ceftazidime	SAMN31087413	2021	b_known_determinant		ampC_C-42T;blaEC
ecoli	ceftazidime	SAMN31087411	2021	a_unseen_determinant	blaCTX-M-2	blaEC
ecoli	ceftazidime	SAMN31087408	2021	b_known_determinant		blaCTX-M-8;blaEC
ecoli	ceftazidime	SAMN31087409	2021	b_known_determinant		blaCTX-M-55;blaEC;blaTEM
ecoli	ceftazidime	SAMN31087407	2021	a_unseen_determinant	blaCTX-M-2	blaEC
ecoli	ceftazidime	SAMN31087403	2021	b_known_determinant		blaCTX-M-55;blaEC;blaTEM
ecoli	ceftazidime	SAMN31087405	2021	b_known_determinant		blaCTX-M-55;blaEC;blaTEM
ecoli	ceftazidime	SAMN31087402	2021	b_known_determinant		blaCTX-M-55;blaEC;blaTEM
ecoli	ceftazidime	SAMN31087397	2021	b_known_determinant		blaCTX-M-55;blaEC;blaTEM
ecoli	ceftazidime	SAMN31087400	2021	b_known_determinant		blaCTX-M-55;blaCTX-M-8;blaEC;blaTEM
ecoli	ceftazidime	SAMN31087399	2021	b_known_determinant		blaCTX-M-15;blaEC
ecoli	ceftazidime	SAMN31087398	2021	b_known_determinant		blaCTX-M-55;blaEC
ecoli	ceftazidime	SAMN31087396	2021	b_known_determinant		blaCTX-M-55;blaEC;blaTEM
ecoli	ceftazidime	SAMN31087395	2021	b_known_determinant		blaEC;blaSHV-12
ecoli	ceftazidime	SAMN31087393	2021	b_known_determinant		blaEC;blaSHV-12
ecoli	ceftazidime	SAMN31087394	2021	b_known_determinant		blaEC;blaSHV-12
ecoli	ceftazidime	SAMN31087392	2021	a_unseen_determinant	blaCTX-M-2	blaEC
ecoli	ceftazidime	SAMN31087391	2021	b_known_determinant		blaCTX-M-14;blaEC
ecoli	ceftazidime	SAMN31087387	2021	b_known_determinant		blaEC;blaTEM-52
ecoli	ceftazidime	SAMN31087388	2021	b_known_determinant		blaCTX-M-55;blaEC
ecoli	ceftazidime	SAMN31087389	2021	b_known_determinant		blaCTX-M-55;blaEC
ecoli	ceftazidime	SAMN31087386	2021	b_known_determinant		blaCTX-M-55;blaEC;blaTEM
ecoli	ceftazidime	SAMN31087385	2021	b_known_determinant		blaEC;blaSHV-12
ecoli	ceftazidime	SAMN31087384	2021	b_known_determinant		blaCTX-M-8;blaEC
ecoli	ceftazidime	SAMN31087382	2021	a_unseen_determinant	blaSHV-2A	blaEC
ecoli	ceftazidime	SAMN31087381	2021	b_known_determinant		blaCTX-M-1;blaEC;blaTEM
ecoli	ceftazidime	SAMN31087383	2021	b_known_determinant		blaEC;blaTEM
ecoli	ceftazidime	SAMN31087380	2021	b_known_determinant		blaCTX-M-55;blaEC
ecoli	ceftazidime	SAMN31087378	2021	b_known_determinant		blaEC;blaSHV-12
ecoli	ceftazidime	SAMN31087377	2021	b_known_determinant		blaCTX-M-55;blaEC;blaTEM
ecoli	ceftazidime	SAMN31087376	2021	a_unseen_determinant	blaCTX-M-2	blaEC
ecoli	ceftazidime	SAMN31087375	2021	b_known_determinant		blaCTX-M-55;blaEC;blaTEM
ecoli	ceftazidime	SAMN31087372	2021	b_known_determinant		blaCTX-M-1;blaEC
ecoli	ceftazidime	SAMN31087373	2021	b_known_determinant		ampC_C-42T;blaEC
ecoli	ceftazidime	SAMN31087374	2021	b_known_determinant		blaEC;blaSHV-12
ecoli	ceftazidime	SAMN31087371	2021	b_known_determinant		ampC_C-42T;blaEC
ecoli	ceftazidime	SAMN31087369	2021	a_unseen_determinant	blaCTX-M-2	blaEC
ecoli	ceftazidime	SAMN31087370	2021	b_known_determinant		blaEC;blaSHV-12
ecoli	ceftazidime	SAMN31087368	2021	b_known_determinant		blaCTX-M-55;blaEC;blaTEM
ecoli	ceftazidime	SAMN31087363	2021	b_known_determinant		blaCTX-M-1;blaEC
ecoli	ceftazidime	SAMN31087362	2021	b_known_determinant		blaCTX-M-55;blaEC;blaTEM
ecoli	ceftazidime	SAMN31087360	2021	b_known_determinant		blaCTX-M-1;blaEC
ecoli	ceftazidime	SAMN31087358	2021	b_known_determinant		blaCTX-M-55;blaEC
ecoli	ceftazidime	SAMN31087356	2021	b_known_determinant		blaCTX-M-1;blaEC
ecoli	ceftazidime	SAMN31087355	2021	b_known_determinant		blaCTX-M-15;blaEC
ecoli	ceftazidime	SAMN31087354	2021	b_known_determinant		blaCTX-M-55;blaEC
ecoli	ceftazidime	SAMN31087353	2021	b_known_determinant		blaEC;blaSHV-12
ecoli	ceftazidime	SAMN31087351	2021	b_known_determinant		blaCTX-M-55;blaEC
ecoli	ceftazidime	SAMN31087357	2021	b_known_determinant		blaEC;blaTEM-52
ecoli	ceftazidime	SAMN31087349	2021	b_known_determinant		blaCTX-M-1;blaEC
ecoli	ceftazidime	SAMN31087347	2021	b_known_determinant		blaEC;blaSHV-12
ecoli	ceftazidime	SAMN31087346	2021	b_known_determinant		blaCTX-M-15;blaEC
ecoli	ceftazidime	SAMN31087344	2021	b_known_determinant		blaEC;blaSHV-12;blaTEM-52
ecoli	ceftazidime	SAMN31087350	2021	b_known_determinant		blaCTX-M-1;blaEC
ecoli	ceftazidime	SAMN31087345	2021	b_known_determinant		blaCTX-M-8;blaEC
ecoli	ceftazidime	SAMN31087343	2021	b_known_determinant		blaEC;blaSHV-12
ecoli	ceftazidime	SAMN31087342	2021	b_known_determinant		blaEC;blaSHV-12
ecoli	ceftazidime	SAMN31087339	2021	b_known_determinant		blaCTX-M-1;blaEC
ecoli	ceftazidime	SAMN31087340	2021	b_known_determinant		blaCTX-M-55;blaEC
ecoli	ceftazidime	SAMN31087341	2021	b_known_determinant		blaCTX-M-15;blaEC;blaTEM
ecoli	ceftazidime	SAMN31087338	2021	b_known_determinant		blaCTX-M-15;blaEC
ecoli	ceftazidime	SAMN31087337	2021	b_known_determinant		blaEC;blaTEM
ecoli	ceftazidime	SAMN31087336	2021	b_known_determinant		ampC_C-42T;blaEC
ecoli	ceftazidime	SAMN31087335	2021	b_known_determinant		blaEC;blaTEM-52
ecoli	ceftazidime	SAMN31087334	2021	b_known_determinant		blaEC;blaTEM-52
ecoli	ceftazidime	SAMN31087333	2021	b_known_determinant		blaCTX-M-1;blaEC
ecoli	ceftazidime	SAMN31087332	2021	b_known_determinant		blaCTX-M-55;blaEC
ecoli	ceftazidime	SAMN31087331	2021	b_known_determinant		blaCTX-M-1;blaEC
ecoli	ceftazidime	SAMN31087328	2021	b_known_determinant		blaEC;blaTEM-52
ecoli	ceftazidime	SAMN31087330	2021	a_unseen_determinant	blaCTX-M-32	blaEC
ecoli	ceftazidime	SAMN31087327	2021	b_known_determinant		blaEC;blaSHV-12
ecoli	ceftazidime	SAMN31087326	2021	b_known_determinant		blaEC;blaTEM-52
ecoli	ceftazidime	SAMN31087325	2021	b_known_determinant		blaCTX-M-1;blaEC;blaTEM
ecoli	ceftazidime	SAMN31087324	2021	b_known_determinant		blaCTX-M-15;blaEC
ecoli	ceftazidime	SAMN31087323	2021	b_known_determinant		blaEC;blaTEM-52
ecoli	ceftazidime	SAMN31087321	2021	b_known_determinant		blaCTX-M-1;blaEC
ecoli	ceftazidime	SAMN31087320	2021	b_known_determinant		blaEC;blaSHV-12
ecoli	ceftazidime	SAMN31087319	2021	b_known_determinant		blaEC;blaTEM-52
ecoli	ceftazidime	SAMN31087318	2021	b_known_determinant		blaCTX-M-1;blaEC
ecoli	ceftazidime	SAMN31087322	2021	b_known_determinant		blaEC;blaSHV-12
ecoli	ceftazidime	SAMN31087316	2021	b_known_determinant		blaEC;blaSHV-12
ecoli	ceftazidime	SAMN31087317	2021	b_known_determinant		blaCTX-M-1;blaEC
ecoli	ceftazidime	SAMN31087315	2021	b_known_determinant		blaCTX-M-1;blaEC
ecoli	ceftazidime	SAMN31087313	2021	b_known_determinant		ampC_C-42T;blaEC
ecoli	ceftazidime	SAMN31087314	2021	b_known_determinant		ampC_C-42T;blaEC
ecoli	ceftazidime	SAMN31087307	2021	b_known_determinant		ampC_C-42T;blaEC
ecoli	ceftazidime	SAMN31087308	2021	b_known_determinant		blaEC;blaSHV-12
ecoli	ceftazidime	SAMN31087305	2021	b_known_determinant		blaCTX-M-55;blaEC
ecoli	ceftazidime	SAMN31087312	2021	b_known_determinant		ampC_C-42T;blaEC
ecoli	ceftazidime	SAMN31087306	2021	a_unseen_determinant	blaCTX-M-32	blaEC
ecoli	ceftazidime	SAMN31087303	2021	b_known_determinant		blaCTX-M-1;blaEC
ecoli	ceftazidime	SAMN31087301	2021	b_known_determinant		blaCTX-M-1;blaEC
ecoli	ceftazidime	SAMN31087302	2021	b_known_determinant		blaCTX-M-1;blaEC
ecoli	ceftazidime	SAMN31087300	2021	b_known_determinant		blaCTX-M-15;blaEC
ecoli	ceftazidime	SAMN31087299	2021	b_known_determinant		ampC_C-42T;blaEC
ecoli	ceftazidime	SAMN31087298	2021	b_known_determinant		blaEC
ecoli	ceftazidime	SAMN31087295	2021	b_known_determinant		blaCTX-M-1;blaEC
ecoli	ceftazidime	SAMN31087294	2021	b_known_determinant		blaCTX-M-1;blaEC
ecoli	ceftazidime	SAMN31087291	2021	b_known_determinant		blaCTX-M-1;blaEC
ecoli	ceftazidime	SAMN31087311	2021	a_unseen_determinant	blaCTX-M-9	blaEC
ecoli	ceftazidime	SAMN31087289	2021	b_known_determinant		blaCTX-M-15;blaEC
ecoli	ceftazidime	SAMN31087288	2021	b_known_determinant		blaCTX-M-1;blaEC
ecoli	ceftazidime	SAMN31087309	2021	b_known_determinant		ampC_C-42T;blaEC
ecoli	ceftazidime	SAMN31087287	2021	b_known_determinant		blaCTX-M-65;blaEC
ecoli	ceftazidime	SAMN31087286	2021	b_known_determinant		blaCTX-M-1;blaEC
ecoli	ceftazidime	SAMN31087283	2021	b_known_determinant		blaCTX-M-15;blaEC
ecoli	ceftazidime	SAMN31087284	2021	b_known_determinant		blaCTX-M-15;blaEC
ecoli	ceftazidime	SAMN31087282	2021	b_known_determinant		blaCTX-M-15;blaEC
ecoli	ceftazidime	SAMN31087281	2021	b_known_determinant		blaCTX-M-15;blaEC;blaTEM
ecoli	ceftazidime	SAMN31087278	2021	b_known_determinant		blaCTX-M-15;blaEC
ecoli	ceftazidime	SAMN31087276	2021	b_known_determinant		blaCTX-M-1;blaEC
ecoli	ceftazidime	SAMN31087272	2021	b_known_determinant		blaCTX-M-1;blaEC
ecoli	ceftazidime	SAMN31087271	2021	b_known_determinant		blaCTX-M-15;blaEC
ecoli	ceftazidime	SAMN31087270	2021	b_known_determinant		ampC_C-42T;blaEC
ecoli	ceftazidime	SAMN31087267	2021	a_unseen_determinant	blaCTX-M-32	blaEC
ecoli	ceftazidime	SAMN31087266	2021	b_known_determinant		blaEC;blaSHV-12
ecoli	ceftazidime	SAMN31087264	2021	b_known_determinant		blaCTX-M-15;blaEC;blaTEM
ecoli	ceftazidime	SAMN31087259	2021	b_known_determinant		blaCTX-M-1;blaEC
ecoli	ceftazidime	SAMN31087258	2021	b_known_determinant		blaCTX-M-15;blaEC
ecoli	ceftazidime	SAMN31087256	2021	b_known_determinant		blaCTX-M-3;blaEC;blaTEM
ecoli	ceftazidime	SAMN31087257	2021	b_known_determinant		ampC_C-42T;blaEC
ecoli	ceftazidime	SAMN31087255	2021	b_known_determinant		ampC_C-42T;blaEC
ecoli	ceftazidime	SAMN31087253	2021	b_known_determinant		blaCTX-M-15;blaEC
ecoli	ceftazidime	SAMN31087254	2021	b_known_determinant		blaCTX-M-1;blaEC
ecoli	ceftazidime	SAMN31087251	2021	a_unseen_determinant	blaCTX-M-32	blaEC
ecoli	ceftazidime	SAMN31087250	2021	b_known_determinant		blaCTX-M-15;blaEC;blaTEM
ecoli	ceftazidime	SAMN31087248	2021	b_known_determinant		blaEC;blaSHV-12
ecoli	ceftazidime	SAMN31087246	2021	b_known_determinant		blaCTX-M-1;blaEC
ecoli	ceftazidime	SAMN31087245	2021	b_known_determinant		blaCTX-M-15;blaEC
ecoli	ceftazidime	SAMN31087244	2021	b_known_determinant		blaCTX-M-15;blaEC
ecoli	ceftazidime	SAMN31087243	2021	b_known_determinant		blaEC;blaTEM-52
ecoli	ceftazidime	SAMN31087242	2021	a_unseen_determinant	blaCTX-M-32	blaEC
ecoli	ceftazidime	SAMN31087240	2021	b_known_determinant		ampC_C-42T;blaEC
ecoli	ceftazidime	SAMN31087239	2021	b_known_determinant		ampC_C-42T;blaEC
ecoli	ceftazidime	SAMN31087241	2021	b_known_determinant		blaCTX-M-15;blaEC
ecoli	ceftazidime	SAMN31087238	2021	a_unseen_determinant	blaCTX-M-32	blaEC
ecoli	ceftazidime	SAMN31087234	2021	b_known_determinant		blaCTX-M-15;blaEC
ecoli	ceftazidime	SAMN31087233	2021	b_known_determinant		blaCTX-M-15;blaEC
ecoli	ceftazidime	SAMN31087232	2021	b_known_determinant		blaCTX-M-15;blaEC
ecoli	ceftazidime	SAMN31087230	2021	b_known_determinant		blaCTX-M-15;blaEC
ecoli	ceftazidime	SAMN31087229	2021	b_known_determinant		blaCTX-M-1;blaEC
ecoli	ceftazidime	SAMN31087227	2021	b_known_determinant		blaCTX-M-15;blaEC
ecoli	ceftazidime	SAMN31087228	2021	b_known_determinant		blaEC;blaSHV-12
ecoli	ceftazidime	SAMN31087226	2021	b_known_determinant		blaCTX-M-1;blaEC
ecoli	ceftazidime	SAMN31087224	2021	b_known_determinant		blaCTX-M-15;blaEC
ecoli	ceftazidime	SAMN31087222	2021	b_known_determinant		ampC_C-42T;blaEC
ecoli	ceftazidime	SAMN31087223	2021	b_known_determinant		blaCTX-M-15;blaEC
ecoli	ceftazidime	SAMN31087220	2021	b_known_determinant		blaCTX-M-15;blaEC
ecoli	ceftazidime	SAMN31087218	2021	a_unseen_determinant	blaCTX-M-32	blaEC
ecoli	ceftazidime	SAMN31087217	2021	b_known_determinant		blaCTX-M-14;blaEC
ecoli	ceftazidime	SAMN31087216	2021	b_known_determinant		blaEC;blaSHV-12
ecoli	ceftazidime	SAMN31087215	2021	a_unseen_determinant	blaEC-15	ampC_C-42T
ecoli	ceftazidime	SAMN31087213	2021	b_known_determinant		blaCTX-M-1;blaEC
ecoli	ceftazidime	SAMN31087214	2021	b_known_determinant		blaCTX-M-15;blaEC
ecoli	ceftazidime	SAMN31087212	2021	b_known_determinant		blaEC;blaSHV-12
ecoli	ceftazidime	SAMN31087209	2021	b_known_determinant		blaCTX-M-1;blaEC
ecoli	ceftazidime	SAMN31087207	2021	b_known_determinant		blaCTX-M-1;blaEC
ecoli	ceftazidime	SAMN31087204	2021	b_known_determinant		blaCTX-M-1;blaEC
ecoli	ceftazidime	SAMN31087205	2021	b_known_determinant		blaCTX-M-15;blaEC
ecoli	ceftazidime	SAMN31087201	2021	b_known_determinant		blaCTX-M-15;blaEC
ecoli	ceftazidime	SAMN31087203	2021	b_known_determinant		blaCTX-M-1;blaEC
ecoli	ceftazidime	SAMN31087202	2021	b_known_determinant		blaCTX-M-15;blaEC
ecoli	ceftazidime	SAMN31087200	2021	b_known_determinant		blaEC;blaSHV-12
ecoli	ceftazidime	SAMN31087198	2021	a_unseen_determinant	blaCTX-M-32	blaEC
ecoli	ceftazidime	SAMN31087196	2021	b_known_determinant		blaCTX-M-55;blaEC
ecoli	ceftazidime	SAMN31087195	2021	b_known_determinant		blaCTX-M-15;blaEC
ecoli	ceftazidime	SAMN31087191	2021	b_known_determinant		ampC_C-42T;blaEC
ecoli	ceftazidime	SAMN31087193	2021	b_known_determinant		blaCTX-M-1;blaEC
ecoli	ceftazidime	SAMN31087188	2021	b_known_determinant		blaCTX-M-1;blaEC
ecoli	ceftazidime	SAMN31087186	2021	b_known_determinant		ampC_C-42T;blaEC
ecoli	ceftazidime	SAMN31087183	2021	b_known_determinant		blaEC;blaSHV-12
ecoli	ceftazidime	SAMN31087185	2021	b_known_determinant		ampC_C-42T;blaEC
ecoli	ceftazidime	SAMN31087184	2021	b_known_determinant		ampC_C-42T;blaEC
ecoli	ceftazidime	SAMN31087182	2021	b_known_determinant		blaCTX-M-1;blaEC
ecoli	ceftazidime	SAMN31087181	2021	b_known_determinant		blaCTX-M-1;blaEC
ecoli	ceftazidime	SAMN31087180	2021	b_known_determinant		blaCTX-M-15;blaEC
ecoli	ceftazidime	SAMN31087177	2021	b_known_determinant		blaCTX-M-1;blaEC
ecoli	ceftazidime	SAMN31087176	2021	b_known_determinant		blaCTX-M-1;blaEC
ecoli	ceftazidime	SAMN31087175	2021	b_known_determinant		blaEC;blaTEM
ecoli	ceftazidime	SAMN31087174	2021	b_known_determinant		blaCTX-M-1;blaEC
ecoli	ceftazidime	SAMN31087172	2021	b_known_determinant		blaEC;blaTEM
ecoli	ceftazidime	SAMN31087173	2021	b_known_determinant		ampC_C-42T;blaEC
ecoli	ceftazidime	SAMN31087171	2021	b_known_determinant		blaEC;blaTEM
ecoli	ceftazidime	SAMN31087169	2021	b_known_determinant		blaCTX-M-1;blaEC
ecoli	ceftazidime	SAMN31087167	2021	b_known_determinant		blaCTX-M-15;blaEC
ecoli	ceftazidime	SAMN31087165	2021	a_unseen_determinant	blaCTX-M-32	blaEC
ecoli	ceftazidime	SAMN31087166	2021	b_known_determinant		blaCTX-M-15;blaEC
ecoli	ceftazidime	SAMN31087168	2021	b_known_determinant		blaEC;blaSHV-12
ecoli	ceftazidime	SAMN31087164	2021	b_known_determinant		blaCTX-M-55;blaEC
ecoli	ceftazidime	SAMN31087160	2021	b_known_determinant		ampC_C-42T;blaEC
ecoli	ceftazidime	SAMN31087162	2021	b_known_determinant		blaCTX-M-55;blaEC
ecoli	ceftazidime	SAMN31087161	2021	b_known_determinant		ampC_C-42T;blaEC
ecoli	ceftazidime	SAMN31087159	2021	b_known_determinant		blaEC;blaSHV-12
ecoli	ceftazidime	SAMN31087157	2021	b_known_determinant		blaCTX-M-1;blaEC
ecoli	ceftazidime	SAMN31087158	2021	b_known_determinant		blaCTX-M-1;blaEC
ecoli	ceftazidime	SAMN31087156	2021	b_known_determinant		blaCTX-M-14;blaEC
ecoli	ceftazidime	SAMN31087155	2021	b_known_determinant		ampC_C-42T;blaEC
ecoli	ceftazidime	SAMN31087153	2021	b_known_determinant		ampC_C-42T;blaEC
ecoli	ceftazidime	SAMN31087152	2021	b_known_determinant		blaEC;blaSHV-12
ecoli	ceftazidime	SAMN31087151	2021	b_known_determinant		blaEC;blaTEM
ecoli	ceftazidime	SAMN31087150	2021	b_known_determinant		blaEC;blaTEM-52
ecoli	ceftazidime	SAMN31087149	2021	b_known_determinant		ampC_C-42T;blaEC
ecoli	ceftazidime	SAMN31087146	2021	b_known_determinant		blaCTX-M-1;blaEC
ecoli	ceftazidime	SAMN31087147	2021	b_known_determinant		ampC_C-42T;blaEC;blaTEM
ecoli	ceftazidime	SAMN31087144	2021	b_known_determinant		blaCTX-M-1;blaEC
ecoli	ceftazidime	SAMN31087142	2021	b_known_determinant		blaCTX-M-1;blaEC
ecoli	ceftazidime	SAMN31087141	2021	b_known_determinant		blaCTX-M-14;blaEC
ecoli	ceftazidime	SAMN31087140	2021	b_known_determinant		blaCTX-M-1;blaEC
ecoli	ceftazidime	SAMN31087137	2021	b_known_determinant		blaCTX-M-1;blaEC
ecoli	ceftazidime	SAMN31087136	2021	b_known_determinant		blaEC;blaTEM
ecoli	ceftazidime	SAMN31087133	2021	b_known_determinant		blaCTX-M-1;blaEC
ecoli	ceftazidime	SAMN31087132	2021	b_known_determinant		blaCTX-M-1;blaEC
ecoli	ceftazidime	SAMN31087131	2021	b_known_determinant		ampC_C-42T;blaEC
ecoli	ceftazidime	SAMN31087130	2021	b_known_determinant		ampC_C-42T;blaEC
ecoli	ceftazidime	SAMN31087127	2021	b_known_determinant		blaCTX-M-1;blaEC
ecoli	ceftazidime	SAMN31087128	2021	b_known_determinant		ampC_C-42T;blaEC;blaTEM
ecoli	ceftazidime	SAMN31087125	2021	b_known_determinant		blaCTX-M-1;blaEC
ecoli	ceftazidime	SAMN31087124	2021	b_known_determinant		blaCTX-M-1;blaEC
ecoli	ceftazidime	SAMN31087123	2021	b_known_determinant		blaEC;blaSHV-12
ecoli	ceftazidime	SAMN31087120	2021	b_known_determinant		blaCTX-M-55;blaEC
ecoli	ceftazidime	SAMN31087122	2021	b_known_determinant		blaCTX-M-1;blaEC
ecoli	ceftazidime	SAMN31087119	2021	b_known_determinant		blaEC;blaSHV-12
ecoli	ceftazidime	SAMN31087117	2021	b_known_determinant		blaCTX-M-1;blaEC
ecoli	ceftazidime	SAMN31087114	2021	b_known_determinant		blaCTX-M-1;blaEC
ecoli	ceftazidime	SAMN31087115	2021	b_known_determinant		blaCTX-M-1;blaEC
ecoli	ceftazidime	SAMN31087111	2021	b_known_determinant		blaCTX-M-15;blaEC
ecoli	ceftazidime	SAMN31087112	2021	b_known_determinant		blaCTX-M-1;blaEC
ecoli	ceftazidime	SAMN31087110	2021	b_known_determinant		blaCTX-M-14;blaEC
ecoli	ceftazidime	SAMN31087109	2021	b_known_determinant		blaCTX-M-1;blaEC
ecoli	ceftazidime	SAMN31087108	2021	b_known_determinant		blaCTX-M-1;blaEC
ecoli	ceftazidime	SAMN31087107	2021	b_known_determinant		blaCTX-M-1;blaEC
ecoli	ceftazidime	SAMN31087105	2021	b_known_determinant		ampC_C-42T;blaEC
ecoli	ceftazidime	SAMN31087104	2021	b_known_determinant		ampC_C-42T;blaEC
ecoli	ceftazidime	SAMN31087100	2021	b_known_determinant		blaCTX-M-1;blaEC
ecoli	ceftazidime	SAMN31087102	2021	b_known_determinant		ampC_C-42T;blaEC
ecoli	ceftazidime	SAMN31087101	2021	b_known_determinant		blaCTX-M-1;blaEC
ecoli	ceftazidime	SAMN31087099	2021	a_unseen_determinant	blaOXA-10	blaCTX-M-65;blaEC
ecoli	ceftazidime	SAMN31087098	2021	b_known_determinant		ampC_C-42T;blaEC
ecoli	ceftazidime	SAMN31087095	2021	b_known_determinant		blaCTX-M-1;blaEC
ecoli	ceftazidime	SAMN31087097	2021	a_unseen_determinant	blaEC-15	ampC_C-42T
ecoli	ceftazidime	SAMN31087094	2021	b_known_determinant		blaCTX-M-1;blaEC
ecoli	ceftazidime	SAMN31087093	2021	b_known_determinant		blaCTX-M-15;blaEC
ecoli	ceftazidime	SAMN31087089	2021	b_known_determinant		blaCTX-M-1;blaEC
ecoli	ceftazidime	SAMN31087088	2021	b_known_determinant		blaCTX-M-15;blaEC
ecoli	ceftazidime	SAMN31087091	2021	b_known_determinant		blaEC;blaSHV-12
ecoli	ceftazidime	SAMN31087087	2021	b_known_determinant		ampC_C-42T;blaEC
ecoli	ceftazidime	SAMN31087086	2021	b_known_determinant		ampC_C-42T;blaEC
ecoli	ceftazidime	SAMN32680975	2020	b_known_determinant		blaCTX-M-14;blaEC
ecoli	ceftazidime	SAMN34030354	2023	b_known_determinant		blaCTX-M-27;blaEC
ecoli	ceftazidime	SAMN36726421	2022	b_known_determinant		ampC_C-42T;blaCMY;blaEC
ecoli	ceftazidime	SAMN36726450	2022	b_known_determinant		blaCTX-M-55;blaEC
ecoli	ceftazidime	SAMN36726447	2022	b_known_determinant		blaCTX-M-55;blaEC;blaTEM;blaTEM
ecoli	ceftazidime	SAMN36726624	2023	b_known_determinant		blaCTX-M-27;blaEC-5
ecoli	ceftazidime	SAMN36726629	2022	b_known_determinant		blaCTX-M-15;blaEC-5;blaTEM
ecoli	ceftazidime	SAMN36726669	2023	b_known_determinant		blaCTX-M-55;blaEC
ecoli	ceftazidime	SAMN36726649	2022	b_known_determinant		blaEC-5
ecoli	ceftazidime	SAMN36727319	2023	b_known_determinant		blaEC;blaSHV-12
ecoli	ceftazidime	SAMN36727304	2023	b_known_determinant		blaCTX-M-15;blaEC-5
ecoli	ceftazidime	SAMN36727340	2023	b_known_determinant		blaCTX-M-15;blaEC;blaOXA-1
ecoli	ceftazidime	SAMN36727333	2023	b_known_determinant		blaEC;blaSHV
ecoli	ceftazidime	SAMN36727292	2022	b_known_determinant		blaCTX-M-15;blaEC
ecoli	ceftazidime	SAMN36727286	2023	b_known_determinant		blaCTX-M-27;blaEC
ecoli	ceftazidime	SAMN36728988	2023	b_known_determinant		blaCTX-M-15;blaEC-5
ecoli	ceftazidime	SAMN36729181	2022	b_known_determinant		blaCTX-M-15;blaEC
ecoli	ceftazidime	SAMN36729172	2022	b_known_determinant		blaEC;blaSHV-12
ecoli	ceftazidime	SAMN36729102	2022	b_known_determinant		blaCTX-M;blaCTX-M-15;blaEC
ecoli	ceftazidime	SAMN36729061	2023	b_known_determinant		blaCTX-M-15;blaEC;blaTEM
ecoli	ceftazidime	SAMN36729059	2022	b_known_determinant		blaCTX-M-15;blaEC
ecoli	ceftazidime	SAMN36729049	2022	b_known_determinant		blaEC;blaSHV-7
ecoli	ceftazidime	SAMN36728963	2022	b_known_determinant		blaCTX-M-55;blaEC
ecoli	ceftazidime	SAMN36728910	2023	b_known_determinant		blaCTX-M-15;blaEC-5
ecoli	ceftazidime	SAMN36728892	2023	b_known_determinant		blaCTX-M-27;blaEC
ecoli	ceftazidime	SAMN36729021	2022	b_known_determinant		blaCTX-M-27;blaEC
ecoli	ceftazidime	SAMN36729140	2022	b_known_determinant		blaDHA-1;blaEC
ecoli	ceftazidime	SAMN36729131	2023	b_known_determinant		blaCTX-M-27;blaEC
ecoli	ceftazidime	SAMN36729125	2023	b_known_determinant		blaCTX-M-27;blaEC
ecoli	ceftazidime	SAMN36729011	2023	b_known_determinant		blaCTX-M-27;blaEC-5
ecoli	ceftazidime	SAMN36729008	2022	b_known_determinant		blaCTX-M-55;blaEC-5
ecoli	ceftazidime	SAMN36728990	2023	b_known_determinant		blaEC;blaSHV
ecoli	ceftazidime	SAMN36728921	2022	b_known_determinant		blaCTX-M-15;blaEC
ecoli	ceftazidime	SAMN36892918	2023	b_known_determinant		blaDHA-1;blaEC
ecoli	ceftazidime	SAMN37516933	2023	b_known_determinant		blaCTX-M-55;blaEC
ecoli	ceftazidime	SAMN37516926	2023	b_known_determinant		blaCTX-M-15;blaEC
ecoli	ceftazidime	SAMN38228875	2023	b_known_determinant		blaCTX-M-15;blaEC
ecoli	ceftazidime	SAMN38228836	2023	b_known_determinant		blaCMY;blaEC
ecoli	ceftazidime	SAMN38228829	2023	b_known_determinant		ampC_T-32A;blaEC
ecoli	ceftazidime	SAMN38228828	2023	a_unseen_determinant	blaCTX-M-32	blaEC
ecoli	ceftazidime	SAMN39956407	2024	b_known_determinant		blaCTX-M-27;blaEC
ecoli	ceftazidime	SAMN40930682	2024	b_known_determinant		blaCTX-M-27;blaEC
ecoli	ceftazidime	SAMN40930659	2024	b_known_determinant		blaCTX-M-15;blaEC-5;blaOXA-1
ecoli	ceftazidime	SAMN40930648	2024	b_known_determinant		blaCTX-M-14;blaCTX-M-15;blaEC
ecoli	ceftazidime	SAMN41091872	2024	b_known_determinant		blaCTX-M-55;blaEC-5
ecoli	ceftazidime	SAMN43694180	2021	b_known_determinant		blaCTX-M-27;blaEC;blaOXA-1
ecoli	ceftazidime	SAMN43694173	2022	b_known_determinant		blaCTX-M-27;blaEC;blaOXA-1
ecoli	ceftazidime	SAMN43694174	2022	b_known_determinant		blaCTX-M-27;blaEC
ecoli	ceftazidime	SAMN43694170	2022	b_known_determinant		blaCTX-M-27;blaEC
ecoli	ceftazidime	SAMN47623306	2023	b_known_determinant		blaEC
ecoli	ceftazidime	SAMN47623375	2023	b_known_determinant		blaCTX-M-55;blaEC;blaTEM
ecoli	ceftazidime	SAMN47623352	2023	b_known_determinant		blaCTX-M-1;blaEC
ecoli	ceftazidime	SAMN47623327	2023	b_known_determinant		blaCTX-M-55;blaEC
ecoli	ceftazidime	SAMN47585730	2023	b_known_determinant		blaCTX-M-15;blaEC
ecoli	ceftazidime	SAMN41136731	2023	b_known_determinant		blaEC;blaKPC-2
ecoli	ceftazidime	SAMN41136730	2023	b_known_determinant		blaEC;blaKPC-2
ecoli	ceftazidime	SAMN41136732	2023	b_known_determinant		blaEC;blaKPC-2
ecoli	ceftazidime	SAMN48590748	2023	b_known_determinant		blaEC
ecoli	ceftazidime	SAMN48590769	2023	b_known_determinant		blaCTX-M-15;blaEC
ecoli	ceftazidime	SAMN48992297	2023	b_known_determinant		blaCTX-M-15;blaEC
ecoli	ceftazidime	SAMN47585706	2023	b_known_determinant		blaCTX-M-55;blaEC
ecoli	ceftazidime	SAMN47585723	2023	b_known_determinant		blaCTX-M-55;blaEC
ecoli	ceftazidime	SAMN47585722	2023	b_known_determinant		blaCTX-M-55;blaEC
ecoli	ceftazidime	SAMN47585717	2023	b_known_determinant		blaCTX-M-27;blaEC
ecoli	ceftazidime	SAMN47585715	2023	b_known_determinant		blaCTX-M-55;blaEC
ecoli	ceftazidime	SAMN47585709	2023	b_known_determinant		blaCTX-M-55;blaEC
ecoli	ceftazidime	SAMN51434501	2022	a_unseen_determinant	blaSHV-2A	blaEC
ecoli	ceftazidime	SAMN51434487	2022	b_known_determinant		blaEC
ecoli	ceftazidime	SAMN51434479	2022	b_known_determinant		blaEC
ecoli	ceftazidime	SAMN51434476	2022	b_known_determinant		blaCTX-M-14;blaEC
ecoli	ceftazidime	SAMN51434473	2022	b_known_determinant		blaEC
ecoli	ceftazidime	SAMN51434469	2022	b_known_determinant		blaEC
ecoli	ceftazidime	SAMN51434470	2022	b_known_determinant		blaEC
ecoli	ceftazidime	SAMN51434465	2022	b_known_determinant		blaEC
ecoli	ceftazidime	SAMN51434462	2022	b_known_determinant		blaEC
ecoli	ceftazidime	SAMN51434460	2022	b_known_determinant		blaCTX-M-15;blaEC;ompF_Q88Ter
ecoli	ceftazidime	SAMN51434457	2022	b_known_determinant		blaEC
ecoli	ceftazidime	SAMN51434456	2022	b_known_determinant		blaEC
ecoli	ceftazidime	SAMN51434455	2022	b_known_determinant		blaEC
ecoli	ceftazidime	SAMN51434450	2022	b_known_determinant		blaEC
ecoli	ceftazidime	SAMN51434447	2022	b_known_determinant		blaEC
ecoli	ceftazidime	SAMN51434446	2022	b_known_determinant		blaEC
ecoli	ceftazidime	SAMN51434442	2022	b_known_determinant		blaEC
ecoli	ceftazidime	SAMN51434441	2022	b_known_determinant		blaEC
ecoli	ceftazidime	SAMN51434440	2022	b_known_determinant		blaEC
ecoli	ceftazidime	SAMN51434435	2022	b_known_determinant		blaEC
ecoli	ceftazidime	SAMN51434436	2022	b_known_determinant		blaEC
ecoli	ceftazidime	SAMN51434434	2022	b_known_determinant		blaEC
ecoli	ceftazidime	SAMN51434433	2022	b_known_determinant		blaEC
ecoli	ceftazidime	SAMN51434425	2022	b_known_determinant		blaCTX-M-15;blaEC
ecoli	ceftazidime	SAMN51434421	2022	b_known_determinant		blaCTX-M-15;blaEC
ecoli	ceftazidime	SAMN51434420	2022	b_known_determinant		blaCTX-M-15;blaEC
ecoli	meropenem	SAMN31413817	2021	b_known_determinant		blaNDM-1
ecoli	meropenem	SAMN31413816	2021	b_known_determinant		blaNDM
ecoli	meropenem	SAMN46558877	2022	b_known_determinant		blaNDM-1
ecoli	meropenem	SAMN46558878	2022	b_known_determinant		blaNDM-1
ecoli	meropenem	SAMN46558874	2020	b_known_determinant		blaNDM-1
ecoli	meropenem	SAMN51434526	2022	c_no_determinant		
ecoli	meropenem	SAMN51434525	2022	c_no_determinant		
ecoli	meropenem	SAMN51434524	2022	c_no_determinant		
ecoli	meropenem	SAMN51434523	2022	c_no_determinant		
ecoli	meropenem	SAMN51434522	2022	c_no_determinant		
ecoli	meropenem	SAMN51434521	2022	c_no_determinant		
ecoli	meropenem	SAMN51434520	2022	c_no_determinant		
ecoli	meropenem	SAMN51434519	2022	c_no_determinant		
ecoli	meropenem	SAMN51434516	2022	c_no_determinant		
ecoli	meropenem	SAMN51434517	2022	c_no_determinant		
ecoli	meropenem	SAMN51434518	2022	c_no_determinant		
ecoli	meropenem	SAMN51434515	2022	c_no_determinant		
ecoli	meropenem	SAMN51434514	2022	c_no_determinant		
ecoli	meropenem	SAMN51434513	2022	c_no_determinant		
ecoli	meropenem	SAMN51434511	2022	c_no_determinant		
ecoli	meropenem	SAMN51434510	2022	c_no_determinant		
ecoli	meropenem	SAMN51434509	2022	a_unseen_determinant	ompC_R195L	
ecoli	meropenem	SAMN51434507	2022	c_no_determinant		
ecoli	meropenem	SAMN51434506	2022	c_no_determinant		
ecoli	meropenem	SAMN51434504	2022	c_no_determinant		
ecoli	meropenem	SAMN51434505	2022	c_no_determinant		
ecoli	meropenem	SAMN51434503	2022	c_no_determinant		
ecoli	meropenem	SAMN51434502	2022	c_no_determinant		
ecoli	meropenem	SAMN51434501	2022	c_no_determinant		
ecoli	meropenem	SAMN51434500	2022	c_no_determinant		
ecoli	meropenem	SAMN51434499	2022	c_no_determinant		
ecoli	meropenem	SAMN51434498	2022	c_no_determinant		
ecoli	meropenem	SAMN51434497	2022	c_no_determinant		
ecoli	meropenem	SAMN51434496	2022	c_no_determinant		
ecoli	meropenem	SAMN51434495	2022	c_no_determinant		
ecoli	meropenem	SAMN51434492	2022	c_no_determinant		
ecoli	meropenem	SAMN51434491	2022	c_no_determinant		
ecoli	meropenem	SAMN51434490	2022	c_no_determinant		
ecoli	meropenem	SAMN51434489	2022	c_no_determinant		
ecoli	meropenem	SAMN51434487	2022	c_no_determinant		
ecoli	meropenem	SAMN51434486	2022	c_no_determinant		
ecoli	meropenem	SAMN51434485	2022	a_unseen_determinant	blaOXA-244	
ecoli	meropenem	SAMN51434484	2022	c_no_determinant		
ecoli	meropenem	SAMN51434481	2022	c_no_determinant		
ecoli	meropenem	SAMN51434479	2022	c_no_determinant		
ecoli	meropenem	SAMN51434478	2022	c_no_determinant		
ecoli	meropenem	SAMN51434476	2022	c_no_determinant		
ecoli	meropenem	SAMN51434477	2022	c_no_determinant		
ecoli	meropenem	SAMN51434475	2022	c_no_determinant		
ecoli	meropenem	SAMN51434474	2022	c_no_determinant		
ecoli	meropenem	SAMN51434473	2022	c_no_determinant		
ecoli	meropenem	SAMN51434472	2022	c_no_determinant		
ecoli	meropenem	SAMN51434471	2022	c_no_determinant		
ecoli	meropenem	SAMN51434469	2022	c_no_determinant		
ecoli	meropenem	SAMN51434468	2022	c_no_determinant		
ecoli	meropenem	SAMN51434470	2022	c_no_determinant		
ecoli	meropenem	SAMN51434465	2022	c_no_determinant		
ecoli	meropenem	SAMN51434467	2022	c_no_determinant		
ecoli	meropenem	SAMN51434464	2022	c_no_determinant		
ecoli	meropenem	SAMN51434463	2022	c_no_determinant		
ecoli	meropenem	SAMN51434462	2022	c_no_determinant		
ecoli	meropenem	SAMN51434461	2022	c_no_determinant		
ecoli	meropenem	SAMN51434460	2022	b_known_determinant		ompF_Q88Ter
ecoli	meropenem	SAMN51434459	2022	b_known_determinant		ompF_Q88Ter
ecoli	meropenem	SAMN51434458	2022	c_no_determinant		
ecoli	meropenem	SAMN51434457	2022	c_no_determinant		
ecoli	meropenem	SAMN51434456	2022	c_no_determinant		
ecoli	meropenem	SAMN51434455	2022	c_no_determinant		
ecoli	meropenem	SAMN51434454	2022	c_no_determinant		
ecoli	meropenem	SAMN51434453	2022	c_no_determinant		
ecoli	meropenem	SAMN51434452	2022	c_no_determinant		
ecoli	meropenem	SAMN51434451	2022	c_no_determinant		
ecoli	meropenem	SAMN51434450	2022	c_no_determinant		
ecoli	meropenem	SAMN51434449	2022	c_no_determinant		
ecoli	meropenem	SAMN51434448	2022	c_no_determinant		
ecoli	meropenem	SAMN51434447	2022	c_no_determinant		
ecoli	meropenem	SAMN51434446	2022	c_no_determinant		
ecoli	meropenem	SAMN51434445	2022	c_no_determinant		
ecoli	meropenem	SAMN51434444	2022	c_no_determinant		
ecoli	meropenem	SAMN51434443	2022	c_no_determinant		
ecoli	meropenem	SAMN51434442	2022	c_no_determinant		
ecoli	meropenem	SAMN51434441	2022	c_no_determinant		
ecoli	meropenem	SAMN51434440	2022	c_no_determinant		
ecoli	meropenem	SAMN51434439	2022	c_no_determinant		
ecoli	meropenem	SAMN51434438	2022	c_no_determinant		
ecoli	meropenem	SAMN51434437	2022	c_no_determinant		
ecoli	meropenem	SAMN51434435	2022	c_no_determinant		
ecoli	meropenem	SAMN51434436	2022	c_no_determinant		
ecoli	meropenem	SAMN51434434	2022	c_no_determinant		
ecoli	meropenem	SAMN51434433	2022	c_no_determinant		
ecoli	meropenem	SAMN51434431	2022	c_no_determinant		
ecoli	meropenem	SAMN51434430	2022	b_known_determinant		ompF_Q88Ter
ecoli	meropenem	SAMN51434429	2022	b_known_determinant		ompF_Q88Ter
ecoli	meropenem	SAMN51434427	2022	b_known_determinant		ompF_Q88Ter
ecoli	meropenem	SAMN51434425	2022	c_no_determinant		
ecoli	meropenem	SAMN51434424	2022	c_no_determinant		
ecoli	meropenem	SAMN51434422	2022	c_no_determinant		
ecoli	meropenem	SAMN51434421	2022	c_no_determinant		
ecoli	meropenem	SAMN51434420	2022	c_no_determinant		
ecoli	ciprofloxacin	SAMN26304849	2020	c_no_determinant		
ecoli	ciprofloxacin	SAMN26305281	2020	b_known_determinant		gyrA_D87N;gyrA_S83L;parC_S80I;parE_S458A
ecoli	ciprofloxacin	SAMN26304604	2020	b_known_determinant		gyrA_D87N;gyrA_S83L;parC_S80I;parE_L445H
ecoli	ciprofloxacin	SAMN26308848	2020	b_known_determinant		gyrA_D87N;gyrA_S83L;parC_E84V;parC_S80I;parE_I529L
ecoli	ciprofloxacin	SAMN26308414	2020	b_known_determinant		gyrA_S83L
ecoli	ciprofloxacin	SAMN26308415	2020	b_known_determinant		gyrA_S83L
ecoli	ciprofloxacin	SAMN26305235	2020	b_known_determinant		marR_S3N
ecoli	ciprofloxacin	SAMN26304906	2020	b_known_determinant		aac(6')-Ib-cr5;gyrA_D87N;gyrA_S83L;parC_E84V;parC_S80I;parE_I529L
ecoli	ciprofloxacin	SAMN26308781	2020	b_known_determinant		aac(6')-Ib-cr5;gyrA_D87N;gyrA_S83L;parC_E84V;parC_S80I;parE_I529L
ecoli	ciprofloxacin	SAMN26309152	2020	b_known_determinant		marR_S3N
ecoli	ciprofloxacin	SAMN26309126	2020	b_known_determinant		marR_S3N
ecoli	ciprofloxacin	SAMN26308742	2020	c_no_determinant		
ecoli	ciprofloxacin	SAMN26305280	2020	b_known_determinant		gyrA_D87N;gyrA_S83L;parC_S80I;parE_S458A
ecoli	ciprofloxacin	SAMN26309372	2020	c_no_determinant		
ecoli	ciprofloxacin	SAMN26305206	2020	b_known_determinant		gyrA_D87N;gyrA_S83L;parC_S80I;parE_S458A
ecoli	ciprofloxacin	SAMN26308527	2020	b_known_determinant		gyrA_S83L;qnrS1
ecoli	ciprofloxacin	SAMN26309052	2020	c_no_determinant		
ecoli	ciprofloxacin	SAMN26308493	2020	b_known_determinant		gyrA_D87N;gyrA_S83L;parC_S80I;parE_L445H
ecoli	ciprofloxacin	SAMN26304572	2020	b_known_determinant		aac(6')-Ib-cr5;parE_I355T;qnrB6
ecoli	ciprofloxacin	SAMN26308481	2020	b_known_determinant		gyrA_D87N;gyrA_S83L;parC_S80I;parE_L445H
ecoli	ciprofloxacin	SAMN26304509	2020	c_no_determinant		
ecoli	ciprofloxacin	SAMN26308777	2020	b_known_determinant		aac(6')-Ib-cr5;gyrA_D87N;gyrA_S83L;parC_E84V;parC_S80I;parE_I529L
ecoli	ciprofloxacin	SAMN31087420	2021	b_known_determinant		gyrA_S83L
ecoli	ciprofloxacin	SAMN31087419	2021	b_known_determinant		qnrS
ecoli	ciprofloxacin	SAMN31087414	2021	b_known_determinant		qnrB19
ecoli	ciprofloxacin	SAMN31087411	2021	b_known_determinant		gyrA_S83L
ecoli	ciprofloxacin	SAMN31087408	2021	b_known_determinant		gyrA_S83L
ecoli	ciprofloxacin	SAMN31087409	2021	b_known_determinant		gyrA_S83L;parC_A56T
ecoli	ciprofloxacin	SAMN31087412	2021	b_known_determinant		qnrS1
ecoli	ciprofloxacin	SAMN31087399	2021	b_known_determinant		qnrS1
ecoli	ciprofloxacin	SAMN31087394	2021	b_known_determinant		gyrA_S83L
ecoli	ciprofloxacin	SAMN31087392	2021	b_known_determinant		qnrB19
ecoli	ciprofloxacin	SAMN31087387	2021	b_known_determinant		gyrA_D87Y
ecoli	ciprofloxacin	SAMN31087388	2021	b_known_determinant		qnrS1
ecoli	ciprofloxacin	SAMN31087390	2021	b_known_determinant		qnrS1
ecoli	ciprofloxacin	SAMN31087389	2021	b_known_determinant		parC_S57T;qnrB19
ecoli	ciprofloxacin	SAMN31087384	2021	b_known_determinant		gyrA_S83L
ecoli	ciprofloxacin	SAMN31087381	2021	b_known_determinant		gyrA_S83L
ecoli	ciprofloxacin	SAMN31087383	2021	b_known_determinant		gyrA_S83L
ecoli	ciprofloxacin	SAMN31087378	2021	b_known_determinant		qnrS1
ecoli	ciprofloxacin	SAMN31087371	2021	b_known_determinant		gyrA_S83L
ecoli	ciprofloxacin	SAMN31087369	2021	b_known_determinant		qnrB19
ecoli	ciprofloxacin	SAMN31087365	2021	b_known_determinant		gyrA_D87G
ecoli	ciprofloxacin	SAMN31087363	2021	b_known_determinant		gyrA_S83L
ecoli	ciprofloxacin	SAMN31087361	2021	b_known_determinant		gyrA_S83L;parE_I355T
ecoli	ciprofloxacin	SAMN31087353	2021	b_known_determinant		gyrA_S83L
ecoli	ciprofloxacin	SAMN31087352	2021	a_unseen_determinant	qnrS13	gyrA_S83L
ecoli	ciprofloxacin	SAMN31087357	2021	b_known_determinant		gyrA_S83L
ecoli	ciprofloxacin	SAMN31087348	2021	b_known_determinant		qnrS1
ecoli	ciprofloxacin	SAMN31087347	2021	b_known_determinant		gyrA_S83L
ecoli	ciprofloxacin	SAMN31087345	2021	b_known_determinant		gyrA_S83L
ecoli	ciprofloxacin	SAMN31087343	2021	b_known_determinant		gyrA_S83L
ecoli	ciprofloxacin	SAMN31087340	2021	b_known_determinant		gyrA_D87G;qnrS1
ecoli	ciprofloxacin	SAMN31087338	2021	b_known_determinant		qnrS1
ecoli	ciprofloxacin	SAMN31087335	2021	b_known_determinant		gyrA_S83L
ecoli	ciprofloxacin	SAMN31087333	2021	b_known_determinant		gyrA_S83L
ecoli	ciprofloxacin	SAMN31087332	2021	b_known_determinant		gyrA_D87N;parC_E84G
ecoli	ciprofloxacin	SAMN31087328	2021	b_known_determinant		qnrB19
ecoli	ciprofloxacin	SAMN31087329	2021	b_known_determinant		qnrS
ecoli	ciprofloxacin	SAMN31087327	2021	b_known_determinant		qnrS1
ecoli	ciprofloxacin	SAMN31087325	2021	b_known_determinant		qnrS1
ecoli	ciprofloxacin	SAMN31087324	2021	b_known_determinant		qnrS1
ecoli	ciprofloxacin	SAMN31087318	2021	b_known_determinant		gyrA_S83L
ecoli	ciprofloxacin	SAMN31087316	2021	b_known_determinant		qnrS1
ecoli	ciprofloxacin	SAMN31087313	2021	b_known_determinant		qnrS1
ecoli	ciprofloxacin	SAMN31087308	2021	b_known_determinant		gyrA_S83L
ecoli	ciprofloxacin	SAMN31087312	2021	b_known_determinant		qnrS1
ecoli	ciprofloxacin	SAMN31087306	2021	b_known_determinant		qnrS1
ecoli	ciprofloxacin	SAMN31087300	2021	b_known_determinant		qnrS1
ecoli	ciprofloxacin	SAMN31087297	2021	b_known_determinant		qnrS1
ecoli	ciprofloxacin	SAMN31087296	2021	b_known_determinant		qnrS1
ecoli	ciprofloxacin	SAMN31087292	2021	b_known_determinant		qnrS1
ecoli	ciprofloxacin	SAMN31087290	2021	b_known_determinant		qnrS1
ecoli	ciprofloxacin	SAMN31087293	2021	b_known_determinant		qnrS1
ecoli	ciprofloxacin	SAMN31087289	2021	b_known_determinant		qnrS1
ecoli	ciprofloxacin	SAMN31087310	2021	b_known_determinant		qnrS1
ecoli	ciprofloxacin	SAMN31087309	2021	b_known_determinant		gyrA_S83L
ecoli	ciprofloxacin	SAMN31087285	2021	b_known_determinant		qnrS1
ecoli	ciprofloxacin	SAMN31087286	2021	b_known_determinant		qnrB19
ecoli	ciprofloxacin	SAMN31087283	2021	b_known_determinant		qnrS1
ecoli	ciprofloxacin	SAMN31087284	2021	b_known_determinant		qnrS1
ecoli	ciprofloxacin	SAMN31087282	2021	b_known_determinant		qnrS1
ecoli	ciprofloxacin	SAMN31087280	2021	b_known_determinant		qnrS1
ecoli	ciprofloxacin	SAMN31087281	2021	b_known_determinant		qnrS1
ecoli	ciprofloxacin	SAMN31087279	2021	b_known_determinant		qnrS1
ecoli	ciprofloxacin	SAMN31087278	2021	b_known_determinant		qnrS1
ecoli	ciprofloxacin	SAMN31087274	2021	b_known_determinant		qnrS1
ecoli	ciprofloxacin	SAMN31087273	2021	b_known_determinant		qnrS
ecoli	ciprofloxacin	SAMN31087272	2021	b_known_determinant		qnrS1
ecoli	ciprofloxacin	SAMN31087271	2021	b_known_determinant		qnrS1
ecoli	ciprofloxacin	SAMN31087269	2021	b_known_determinant		qnrS1
ecoli	ciprofloxacin	SAMN31087268	2021	b_known_determinant		qnrS1
ecoli	ciprofloxacin	SAMN31087266	2021	b_known_determinant		qnrS1
ecoli	ciprofloxacin	SAMN31087264	2021	b_known_determinant		qnrS1
ecoli	ciprofloxacin	SAMN31087261	2021	b_known_determinant		qnrS1
ecoli	ciprofloxacin	SAMN31087262	2021	b_known_determinant		qnrS1
ecoli	ciprofloxacin	SAMN31087257	2021	b_known_determinant		soxS_A12S
ecoli	ciprofloxacin	SAMN31087254	2021	b_known_determinant		qnrS1
ecoli	ciprofloxacin	SAMN31087248	2021	b_known_determinant		gyrA_D87Y
ecoli	ciprofloxacin	SAMN31087245	2021	b_known_determinant		qnrS1
ecoli	ciprofloxacin	SAMN31087244	2021	b_known_determinant		qnrS1
ecoli	ciprofloxacin	SAMN31087240	2021	b_known_determinant		gyrA_D87N;gyrA_S83L;parC_S80I;parE_S458A
ecoli	ciprofloxacin	SAMN31087241	2021	b_known_determinant		qnrS1
ecoli	ciprofloxacin	SAMN31087233	2021	b_known_determinant		qnrS1
ecoli	ciprofloxacin	SAMN31087232	2021	b_known_determinant		qnrS1
ecoli	ciprofloxacin	SAMN31087231	2021	b_known_determinant		qnrS1
ecoli	ciprofloxacin	SAMN31087230	2021	b_known_determinant		qnrS1
ecoli	ciprofloxacin	SAMN31087227	2021	b_known_determinant		qnrS1
ecoli	ciprofloxacin	SAMN31087228	2021	b_known_determinant		qnrS1
ecoli	ciprofloxacin	SAMN31087226	2021	b_known_determinant		gyrA_S83L
ecoli	ciprofloxacin	SAMN31087224	2021	b_known_determinant		qnrS1
ecoli	ciprofloxacin	SAMN31087220	2021	b_known_determinant		qnrS1
ecoli	ciprofloxacin	SAMN31087215	2021	b_known_determinant		gyrA_S83L
ecoli	ciprofloxacin	SAMN31087214	2021	b_known_determinant		qnrS1
ecoli	ciprofloxacin	SAMN31087210	2021	b_known_determinant		qnrS1
ecoli	ciprofloxacin	SAMN31087205	2021	b_known_determinant		qnrS1
ecoli	ciprofloxacin	SAMN31087202	2021	b_known_determinant		parE_I355T;qnrS1
ecoli	ciprofloxacin	SAMN31087200	2021	b_known_determinant		qnrS1
ecoli	ciprofloxacin	SAMN31087199	2021	b_known_determinant		qnrS1
ecoli	ciprofloxacin	SAMN31087198	2021	b_known_determinant		qnrS1
ecoli	ciprofloxacin	SAMN31087195	2021	b_known_determinant		qnrS1
ecoli	ciprofloxacin	SAMN31087189	2021	b_known_determinant		gyrA_S83L
ecoli	ciprofloxacin	SAMN31087187	2021	b_known_determinant		gyrA_S83L
ecoli	ciprofloxacin	SAMN31087183	2021	b_known_determinant		qnrS1
ecoli	ciprofloxacin	SAMN31087180	2021	b_known_determinant		qnrS1
ecoli	ciprofloxacin	SAMN31087177	2021	b_known_determinant		gyrA_S83L
ecoli	ciprofloxacin	SAMN31087169	2021	b_known_determinant		gyrA_S83L
ecoli	ciprofloxacin	SAMN31087167	2021	b_known_determinant		qnrS1
ecoli	ciprofloxacin	SAMN31087166	2021	b_known_determinant		qnrS1
ecoli	ciprofloxacin	SAMN31087168	2021	b_known_determinant		qnrS1
ecoli	ciprofloxacin	SAMN31087161	2021	b_known_determinant		gyrA_S83L
ecoli	ciprofloxacin	SAMN31087159	2021	b_known_determinant		qnrS1
ecoli	ciprofloxacin	SAMN31087158	2021	b_known_determinant		gyrA_S83L
ecoli	ciprofloxacin	SAMN31087154	2021	b_known_determinant		gyrA_S83L;parE_I464F
ecoli	ciprofloxacin	SAMN31087153	2021	b_known_determinant		soxS_A12S
ecoli	ciprofloxacin	SAMN31087152	2021	b_known_determinant		qnrS1
ecoli	ciprofloxacin	SAMN31087148	2021	b_known_determinant		gyrA_S83L;qnrS1
ecoli	ciprofloxacin	SAMN31087147	2021	b_known_determinant		soxS_A12S
ecoli	ciprofloxacin	SAMN31087132	2021	b_known_determinant		gyrA_S83L
ecoli	ciprofloxacin	SAMN31087129	2021	b_known_determinant		gyrA_S83L;parE_S458A
ecoli	ciprofloxacin	SAMN31087126	2021	b_known_determinant		qnrS1
ecoli	ciprofloxacin	SAMN31087127	2021	b_known_determinant		gyrA_S83L
ecoli	ciprofloxacin	SAMN31087128	2021	b_known_determinant		soxS_A12S
ecoli	ciprofloxacin	SAMN31087121	2021	b_known_determinant		qnrS1
ecoli	ciprofloxacin	SAMN31087119	2021	b_known_determinant		qnrS1
ecoli	ciprofloxacin	SAMN31087111	2021	b_known_determinant		qnrS1
ecoli	ciprofloxacin	SAMN31087112	2021	b_known_determinant		gyrA_S83L
ecoli	ciprofloxacin	SAMN31087109	2021	b_known_determinant		gyrA_S83L
ecoli	ciprofloxacin	SAMN31087105	2021	b_known_determinant		soxS_A12S
ecoli	ciprofloxacin	SAMN31087099	2021	b_known_determinant		gyrA_S83L;qnrS1
ecoli	ciprofloxacin	SAMN31087097	2021	b_known_determinant		gyrA_S83L
ecoli	ciprofloxacin	SAMN31087093	2021	b_known_determinant		qnrS1
ecoli	ciprofloxacin	SAMN31413816	2021	b_known_determinant		aac(6')-Ib-cr5;qnrS1
ecoli	ciprofloxacin	SAMN36726478	2023	c_no_determinant		
ecoli	ciprofloxacin	SAMN36726456	2022	b_known_determinant		qnrS1
ecoli	ciprofloxacin	SAMN36726399	2022	b_known_determinant		gyrA_D87N;qnrS1
ecoli	ciprofloxacin	SAMN36726638	2023	b_known_determinant		qnrS1
ecoli	ciprofloxacin	SAMN36727319	2023	b_known_determinant		qnrS1
ecoli	ciprofloxacin	SAMN36727333	2023	b_known_determinant		qnrS1
ecoli	ciprofloxacin	SAMN36727295	2022	b_known_determinant		gyrA_S83L;parE_I529L
ecoli	ciprofloxacin	SAMN36727289	2023	b_known_determinant		qnrS1
ecoli	ciprofloxacin	SAMN36729113	2022	b_known_determinant		qnrS1
ecoli	ciprofloxacin	SAMN36729093	2023	b_known_determinant		qnrS1
ecoli	ciprofloxacin	SAMN36728954	2023	b_known_determinant		gyrA_S83L;parE_I529L
ecoli	ciprofloxacin	SAMN36729087	2022	b_known_determinant		gyrA_S83L;parC_A108T;parC_S80I
ecoli	ciprofloxacin	SAMN36728990	2023	b_known_determinant		qnrS1
ecoli	ciprofloxacin	SAMN36728921	2022	b_known_determinant		marR_S3N;parE_D475E;qnrS1
ecoli	ciprofloxacin	SAMN37516879	2023	b_known_determinant		gyrA_S83V;parC_S57T
ecoli	ciprofloxacin	SAMN37516895	2022	b_known_determinant		qnrB19;qnrS1
ecoli	ciprofloxacin	SAMN38228870	2023	b_known_determinant		gyrA_S83L;qnrS1
ecoli	ciprofloxacin	SAMN40930691	2024	b_known_determinant		gyrA_S83L;qnrS1
ecoli	ciprofloxacin	SAMN40930687	2024	b_known_determinant		gyrA_S83L;qnrS1
ecoli	ciprofloxacin	SAMN47623397	2023	b_known_determinant		parC_A56T;qnrB19
ecoli	ciprofloxacin	SAMN47623396	2023	b_known_determinant		qnrB19
ecoli	ciprofloxacin	SAMN47623394	2023	b_known_determinant		qnrS1
ecoli	ciprofloxacin	SAMN47623392	2023	b_known_determinant		qnrB19
ecoli	ciprofloxacin	SAMN47623391	2023	b_known_determinant		qnrS1
ecoli	ciprofloxacin	SAMN47623390	2023	b_known_determinant		qnrS1
ecoli	ciprofloxacin	SAMN47623389	2023	b_known_determinant		qnrB19;qnrS1
ecoli	ciprofloxacin	SAMN47623388	2023	b_known_determinant		qnrS1
ecoli	ciprofloxacin	SAMN47623307	2023	a_unseen_determinant	qnrA1	
ecoli	ciprofloxacin	SAMN47623387	2023	b_known_determinant		qnrS1
ecoli	ciprofloxacin	SAMN47623380	2023	b_known_determinant		gyrA_S83L
ecoli	ciprofloxacin	SAMN47623378	2023	c_no_determinant		
ecoli	ciprofloxacin	SAMN47623306	2023	b_known_determinant		qnrS1
ecoli	ciprofloxacin	SAMN47623377	2023	b_known_determinant		qnrS1
ecoli	ciprofloxacin	SAMN47623375	2023	b_known_determinant		qnrB19
ecoli	ciprofloxacin	SAMN47623373	2023	a_unseen_determinant	qnrA1	
ecoli	ciprofloxacin	SAMN47623372	2023	b_known_determinant		qnrS1
ecoli	ciprofloxacin	SAMN47623305	2023	b_known_determinant		aac(6')-Ib-cr5;oqxA;oqxB;qnrS2
ecoli	ciprofloxacin	SAMN47623367	2023	b_known_determinant		parC_A56T;qnrB19
ecoli	ciprofloxacin	SAMN47623366	2023	b_known_determinant		qnrB19
ecoli	ciprofloxacin	SAMN47623364	2023	b_known_determinant		qnrB19
ecoli	ciprofloxacin	SAMN47623361	2023	b_known_determinant		qnrB19
ecoli	ciprofloxacin	SAMN47623359	2023	b_known_determinant		qnrS1
ecoli	ciprofloxacin	SAMN47623304	2023	b_known_determinant		qnrS1
ecoli	ciprofloxacin	SAMN47623357	2023	b_known_determinant		qnrB19
ecoli	ciprofloxacin	SAMN47623355	2023	a_unseen_determinant	qnrA1	gyrA_S83L
ecoli	ciprofloxacin	SAMN47623354	2023	b_known_determinant		qnrB19
ecoli	ciprofloxacin	SAMN47623350	2023	b_known_determinant		qnrB19
ecoli	ciprofloxacin	SAMN47623348	2023	b_known_determinant		qnrB19
ecoli	ciprofloxacin	SAMN47623303	2023	b_known_determinant		qnrS1
ecoli	ciprofloxacin	SAMN47623347	2023	b_known_determinant		qnrS1
ecoli	ciprofloxacin	SAMN47623341	2023	b_known_determinant		qnrS2
ecoli	ciprofloxacin	SAMN47623340	2023	b_known_determinant		qnrB19
ecoli	ciprofloxacin	SAMN47623339	2023	b_known_determinant		qnrS1
ecoli	ciprofloxacin	SAMN47623338	2023	b_known_determinant		qnrB19
ecoli	ciprofloxacin	SAMN47623302	2023	b_known_determinant		qnrS1
ecoli	ciprofloxacin	SAMN47623335	2023	b_known_determinant		qnrB19
ecoli	ciprofloxacin	SAMN47623333	2023	b_known_determinant		qnrS1
ecoli	ciprofloxacin	SAMN47623330	2023	b_known_determinant		gyrA_S83L
ecoli	ciprofloxacin	SAMN47623328	2023	b_known_determinant		qnrB19
ecoli	ciprofloxacin	SAMN47623320	2023	b_known_determinant		qnrB19
ecoli	ciprofloxacin	SAMN47623300	2023	a_unseen_determinant	qnrA1	gyrA_S83L;parC_S80R
ecoli	ciprofloxacin	SAMN47623317	2023	b_known_determinant		qnrB19
ecoli	ciprofloxacin	SAMN47623315	2023	b_known_determinant		qnrB19
ecoli	ciprofloxacin	SAMN47623313	2023	b_known_determinant		qnrS1
ecoli	ciprofloxacin	SAMN47623309	2023	b_known_determinant		gyrA_S83L;parC_A56T
ecoli	ciprofloxacin	SAMN47623298	2023	b_known_determinant		qnrS1
ecoli	ciprofloxacin	SAMN48590751	2023	a_unseen_determinant	qnrA1	
ecoli	ciprofloxacin	SAMN48590750	2023	b_known_determinant		qnrS1
ecoli	ciprofloxacin	SAMN48590748	2023	b_known_determinant		qnrB19;qnrS;qnrS1
ecoli	ciprofloxacin	SAMN48590747	2023	b_known_determinant		gyrA_S83L
ecoli	ciprofloxacin	SAMN48590746	2023	b_known_determinant		gyrA_S83L
ecoli	ciprofloxacin	SAMN48590776	2023	b_known_determinant		qnrB19
ecoli	ciprofloxacin	SAMN48590775	2023	b_known_determinant		qnrS1
ecoli	ciprofloxacin	SAMN48590773	2023	b_known_determinant		qnrB19
ecoli	ciprofloxacin	SAMN48590745	2023	b_known_determinant		qnrB19
ecoli	ciprofloxacin	SAMN48590769	2023	b_known_determinant		gyrA_S83L;parC_S80R
ecoli	ciprofloxacin	SAMN48590767	2023	b_known_determinant		qnrB19
ecoli	ciprofloxacin	SAMN48590763	2023	b_known_determinant		qnrB19
ecoli	ciprofloxacin	SAMN48590762	2023	b_known_determinant		qnrB19
ecoli	ciprofloxacin	SAMN48590760	2023	b_known_determinant		qnrS1
ecoli	ciprofloxacin	SAMN48590757	2023	b_known_determinant		qnrB19
ecoli	ciprofloxacin	SAMN48590742	2023	b_known_determinant		qnrS2
ecoli	ciprofloxacin	SAMN48992305	2023	b_known_determinant		qnrB19
ecoli	ciprofloxacin	SAMN48992300	2023	b_known_determinant		qnrS1
ecoli	ciprofloxacin	SAMN48992299	2023	b_known_determinant		qnrB19
ecoli	ciprofloxacin	SAMN48992298	2023	b_known_determinant		qnrB19
ecoli	ciprofloxacin	SAMN48992327	2023	c_no_determinant		
ecoli	ciprofloxacin	SAMN48992326	2023	b_known_determinant		qnrS1
ecoli	ciprofloxacin	SAMN48992324	2023	b_known_determinant		qnrS1
ecoli	ciprofloxacin	SAMN48992323	2023	b_known_determinant		gyrA_S83L
ecoli	ciprofloxacin	SAMN48992320	2023	b_known_determinant		qnrB19
ecoli	ciprofloxacin	SAMN48992297	2023	b_known_determinant		qnrB19
ecoli	ciprofloxacin	SAMN48992318	2023	b_known_determinant		qnrS1
ecoli	ciprofloxacin	SAMN48992315	2023	b_known_determinant		qnrB19
ecoli	ciprofloxacin	SAMN48992314	2023	b_known_determinant		parC_A56T;qnrB19
ecoli	ciprofloxacin	SAMN48992312	2023	b_known_determinant		qnrS1
ecoli	ciprofloxacin	SAMN48992306	2023	b_known_determinant		qnrS1
ecoli	ciprofloxacin	SAMN48992296	2023	b_known_determinant		gyrA_S83L
ecoli	ciprofloxacin	SAMN48992295	2023	b_known_determinant		qnrB19
ecoli	ciprofloxacin	SAMN48878827	2023	b_known_determinant		gyrA_S83L
ecoli	ciprofloxacin	SAMN48878770	2023	b_known_determinant		gyrA_S83L
ecoli	ciprofloxacin	SAMN48878186	2023	b_known_determinant		parE_I355T;qnrS1
ecoli	ciprofloxacin	SAMN48878124	2023	b_known_determinant		gyrA_D87G;marR_S3N
ecoli	ciprofloxacin	SAMN48878836	2023	b_known_determinant		gyrA_S83L
ecoli	ciprofloxacin	SAMN48878663	2023	b_known_determinant		qnrS
ecoli	ciprofloxacin	SAMN48878657	2023	b_known_determinant		qnrS1
ecoli	ciprofloxacin	SAMN48878426	2023	b_known_determinant		qnrS1
ecoli	ciprofloxacin	SAMN48878425	2023	b_known_determinant		qnrS1
ecoli	ciprofloxacin	SAMN48878797	2023	b_known_determinant		qnrB19
ecoli	ciprofloxacin	SAMN56978307	2022	b_known_determinant		gyrA_S83L;qnrS2
ecoli	ciprofloxacin	SAMN56978300	2021	c_no_determinant		
ecoli	ciprofloxacin	SAMN51434487	2022	c_no_determinant		
ecoli	ciprofloxacin	SAMN51434470	2022	c_no_determinant		
ecoli	ciprofloxacin	SAMN51434465	2022	c_no_determinant		
ecoli	ciprofloxacin	SAMN51434457	2022	c_no_determinant		
ecoli	ciprofloxacin	SAMN51434450	2022	c_no_determinant		
ecoli	ciprofloxacin	SAMN51434447	2022	c_no_determinant		
ecoli	gentamicin	SAMN26308893	2020	c_no_determinant		
ecoli	gentamicin	SAMN26304606	2020	b_known_determinant		aac(3)-IId
ecoli	gentamicin	SAMN26304552	2020	c_no_determinant		
ecoli	gentamicin	SAMN26304810	2020	c_no_determinant		
ecoli	gentamicin	SAMN26309313	2020	c_no_determinant		
ecoli	gentamicin	SAMN26304906	2020	b_known_determinant		aac(3)-IIe
ecoli	gentamicin	SAMN26308781	2020	b_known_determinant		aac(3)-IIe
ecoli	gentamicin	SAMN26308742	2020	b_known_determinant		aac(3)-IId
ecoli	gentamicin	SAMN26309052	2020	c_no_determinant		
ecoli	gentamicin	SAMN26308772	2020	c_no_determinant		
ecoli	gentamicin	SAMN26309238	2020	b_known_determinant		aac(3)-IId
ecoli	gentamicin	SAMN26309166	2020	b_known_determinant		aac(3)-IId
ecoli	gentamicin	SAMN26304584	2020	b_known_determinant		aac(3)-IIe
ecoli	gentamicin	SAMN26305179	2020	b_known_determinant		ant(2'')-Ia
ecoli	gentamicin	SAMN26308777	2020	b_known_determinant		aac(3)-IIe
ecoli	gentamicin	SAMN31087380	2021	b_known_determinant		aac(3)-IIe
ecoli	gentamicin	SAMN31087353	2021	b_known_determinant		aac(3)-IVa
ecoli	gentamicin	SAMN31087352	2021	b_known_determinant		aac(3)-VIa
ecoli	gentamicin	SAMN31087343	2021	b_known_determinant		aac(3)-IVa
ecoli	gentamicin	SAMN31087325	2021	b_known_determinant		aac(3)-IId
ecoli	gentamicin	SAMN31087308	2021	b_known_determinant		aac(3)-IVa
ecoli	gentamicin	SAMN31087305	2021	b_known_determinant		aac(3)-IIe
ecoli	gentamicin	SAMN31087300	2021	b_known_determinant		aac(3)-IId
ecoli	gentamicin	SAMN31087294	2021	b_known_determinant		aac(3)-IId
ecoli	gentamicin	SAMN31087285	2021	b_known_determinant		aac(3)-IIe
ecoli	gentamicin	SAMN31087287	2021	b_known_determinant		aac(3)-IVa
ecoli	gentamicin	SAMN31087286	2021	b_known_determinant		aac(3)-IId
ecoli	gentamicin	SAMN31087271	2021	b_known_determinant		aac(3)-IId
ecoli	gentamicin	SAMN31087237	2021	b_known_determinant		aac(3)-IId
ecoli	gentamicin	SAMN31087211	2021	b_known_determinant		ant(2'')-Ia
ecoli	gentamicin	SAMN31087180	2021	b_known_determinant		aac(3)-IId
ecoli	gentamicin	SAMN31087151	2021	b_known_determinant		aac(3)-IId
ecoli	gentamicin	SAMN31087138	2021	c_no_determinant		
ecoli	gentamicin	SAMN31087131	2021	c_no_determinant		
ecoli	gentamicin	SAMN31087130	2021	c_no_determinant		
ecoli	gentamicin	SAMN31087121	2021	b_known_determinant		aac(3)-IIe
ecoli	gentamicin	SAMN31087116	2021	b_known_determinant		ant(2'')-Ia
ecoli	gentamicin	SAMN31087111	2021	b_known_determinant		aac(3)-IId
ecoli	gentamicin	SAMN31087110	2021	b_known_determinant		aac(3)-IVa
ecoli	gentamicin	SAMN31087107	2021	b_known_determinant		aac(3)-IVa
ecoli	gentamicin	SAMN31087103	2021	c_no_determinant		
ecoli	gentamicin	SAMN31087089	2021	b_known_determinant		aac(3)-IVa
ecoli	gentamicin	SAMN32680975	2020	c_no_determinant		
ecoli	gentamicin	SAMN36726481	2023	b_known_determinant		aac(3)-IIe
ecoli	gentamicin	SAMN36726477	2023	b_known_determinant		aac(3)-IId
ecoli	gentamicin	SAMN36726403	2023	c_no_determinant		
ecoli	gentamicin	SAMN36726682	2022	b_known_determinant		aac(3)-IIe
ecoli	gentamicin	SAMN36727330	2022	b_known_determinant		aac(3)-IId
ecoli	gentamicin	SAMN36727295	2022	c_no_determinant		
ecoli	gentamicin	SAMN36729156	2023	b_known_determinant		aac(3)-IVa
ecoli	gentamicin	SAMN36729053	2022	b_known_determinant		aac(3)-IIe
ecoli	gentamicin	SAMN36728958	2022	b_known_determinant		aac(3)-IIe
ecoli	gentamicin	SAMN36729209	2022	b_known_determinant		aac(3)-IId
ecoli	gentamicin	SAMN36892891	2023	b_known_determinant		aac(3)-IId
ecoli	gentamicin	SAMN37516936	2023	b_known_determinant		aac(3)-IIe
ecoli	gentamicin	SAMN37516878	2023	b_known_determinant		aac(3)-IIe
ecoli	gentamicin	SAMN37516895	2022	b_known_determinant		aac(3)-IIe
ecoli	gentamicin	SAMN38228857	2023	c_no_determinant		
ecoli	gentamicin	SAMN40930660	2024	b_known_determinant		aac(3)-IIe
ecoli	gentamicin	SAMN43694180	2021	b_known_determinant		aac(3)-IId
ecoli	gentamicin	SAMN43694176	2020	b_known_determinant		aac(3)-IId
ecoli	gentamicin	SAMN43694163	2020	b_known_determinant		aac(3)-IId
ecoli	gentamicin	SAMN47623394	2023	b_known_determinant		aac(3)-IVa
ecoli	gentamicin	SAMN47623384	2023	b_known_determinant		aac(3)-IVa
ecoli	gentamicin	SAMN47623378	2023	b_known_determinant		aac(3)-IIe
ecoli	gentamicin	SAMN47623372	2023	a_unseen_determinant	aac(3)-C322	
ecoli	gentamicin	SAMN47623368	2023	b_known_determinant		aac(3)-IId
ecoli	gentamicin	SAMN47623339	2023	b_known_determinant		aac(3)-IId
ecoli	gentamicin	SAMN47623330	2023	b_known_determinant		aac(3)-IVa
ecoli	gentamicin	SAMN47623327	2023	b_known_determinant		aac(3)-IIe
ecoli	gentamicin	SAMN48590749	2023	b_known_determinant		aac(3)-IId
ecoli	gentamicin	SAMN48590774	2023	b_known_determinant		aac(3)-IId
ecoli	gentamicin	SAMN48590767	2023	c_no_determinant		
ecoli	gentamicin	SAMN48992305	2023	c_no_determinant		
ecoli	gentamicin	SAMN48992327	2023	c_no_determinant		
ecoli	gentamicin	SAMN48992316	2023	b_known_determinant		aac(3)-IId
ecoli	gentamicin	SAMN46558899	2022	c_no_determinant		
ecoli	gentamicin	SAMN46558879	2023	b_known_determinant		armA
ecoli	gentamicin	SAMN46558876	2022	b_known_determinant		armA
ecoli	gentamicin	SAMN46558875	2021	b_known_determinant		aac(3)-IId;armA
ecoli	gentamicin	SAMN46558874	2020	b_known_determinant		armA
ecoli	gentamicin	SAMN46558236	2022	c_no_determinant		
ecoli	gentamicin	SAMN55283950	2021	b_known_determinant		aac(3)-IId
ecoli	gentamicin	SAMN43694169	2021	c_no_determinant		
ecoli	gentamicin	SAMN56978312	2022	c_no_determinant		
ecoli	gentamicin	SAMN56978311	2022	b_known_determinant		aac(3)-IIe
ecoli	gentamicin	SAMN56978308	2021	b_known_determinant		aac(3)-IId
ecoli	gentamicin	SAMN56978307	2022	c_no_determinant		
ecoli	gentamicin	SAMN56978301	2022	c_no_determinant		
ecoli	gentamicin	SAMN42946279	2020	c_no_determinant		
ecoli	gentamicin	SAMN42946278	2020	c_no_determinant		
ecoli	gentamicin	SAMN42946276	2020	c_no_determinant		
ecoli	gentamicin	SAMN42946275	2020	c_no_determinant		
ecoli	gentamicin	SAMN42946312	2020	c_no_determinant		
ecoli	gentamicin	SAMN42946310	2020	c_no_determinant		
ecoli	gentamicin	SAMN42946309	2020	c_no_determinant		
ecoli	gentamicin	SAMN42946308	2020	c_no_determinant		
ecoli	gentamicin	SAMN42946307	2020	c_no_determinant		
ecoli	gentamicin	SAMN42946305	2020	c_no_determinant		
ecoli	gentamicin	SAMN42946303	2020	c_no_determinant		
ecoli	gentamicin	SAMN42946300	2020	c_no_determinant		
ecoli	gentamicin	SAMN42946273	2020	c_no_determinant		
ecoli	gentamicin	SAMN42946299	2020	c_no_determinant		
ecoli	gentamicin	SAMN42946298	2020	c_no_determinant		
ecoli	gentamicin	SAMN42946296	2020	c_no_determinant		
ecoli	gentamicin	SAMN42946294	2020	c_no_determinant		
ecoli	gentamicin	SAMN42946293	2020	c_no_determinant		
ecoli	gentamicin	SAMN42946272	2020	c_no_determinant		
ecoli	gentamicin	SAMN42946288	2020	c_no_determinant		
ecoli	gentamicin	SAMN42946287	2020	b_known_determinant		aac(3)-VIa
ecoli	gentamicin	SAMN42946285	2020	c_no_determinant		
ecoli	gentamicin	SAMN42946284	2020	c_no_determinant		
ecoli	gentamicin	SAMN42946283	2020	c_no_determinant		
ecoli	gentamicin	SAMN42946281	2020	c_no_determinant		
ecoli	gentamicin	SAMN51434524	2022	c_no_determinant		
ecoli	gentamicin	SAMN51434522	2022	c_no_determinant		
ecoli	gentamicin	SAMN51434519	2022	c_no_determinant		
ecoli	gentamicin	SAMN51434518	2022	c_no_determinant		
ecoli	gentamicin	SAMN51434510	2022	c_no_determinant		
ecoli	gentamicin	SAMN51434507	2022	c_no_determinant		
ecoli	gentamicin	SAMN51434504	2022	c_no_determinant		
ecoli	gentamicin	SAMN51434503	2022	c_no_determinant		
ecoli	gentamicin	SAMN51434502	2022	c_no_determinant		
ecoli	gentamicin	SAMN51434498	2022	c_no_determinant		
ecoli	gentamicin	SAMN51434490	2022	c_no_determinant		
ecoli	gentamicin	SAMN51434487	2022	c_no_determinant		
ecoli	gentamicin	SAMN51434485	2022	c_no_determinant		
ecoli	gentamicin	SAMN51434484	2022	c_no_determinant		
ecoli	gentamicin	SAMN51434483	2022	c_no_determinant		
ecoli	gentamicin	SAMN51434479	2022	c_no_determinant		
ecoli	gentamicin	SAMN51434478	2022	c_no_determinant		
ecoli	gentamicin	SAMN51434477	2022	c_no_determinant		
ecoli	gentamicin	SAMN51434475	2022	c_no_determinant		
ecoli	gentamicin	SAMN51434474	2022	c_no_determinant		
ecoli	gentamicin	SAMN51434473	2022	c_no_determinant		
ecoli	gentamicin	SAMN51434472	2022	c_no_determinant		
ecoli	gentamicin	SAMN51434469	2022	c_no_determinant		
ecoli	gentamicin	SAMN51434468	2022	c_no_determinant		
ecoli	gentamicin	SAMN51434470	2022	c_no_determinant		
ecoli	gentamicin	SAMN51434465	2022	c_no_determinant		
ecoli	gentamicin	SAMN51434464	2022	c_no_determinant		
ecoli	gentamicin	SAMN51434462	2022	c_no_determinant		
ecoli	gentamicin	SAMN51434461	2022	c_no_determinant		
ecoli	gentamicin	SAMN51434460	2022	c_no_determinant		
ecoli	gentamicin	SAMN51434459	2022	c_no_determinant		
ecoli	gentamicin	SAMN51434458	2022	c_no_determinant		
ecoli	gentamicin	SAMN51434457	2022	c_no_determinant		
ecoli	gentamicin	SAMN51434456	2022	c_no_determinant		
ecoli	gentamicin	SAMN51434455	2022	c_no_determinant		
ecoli	gentamicin	SAMN51434454	2022	c_no_determinant		
ecoli	gentamicin	SAMN51434453	2022	c_no_determinant		
ecoli	gentamicin	SAMN51434452	2022	c_no_determinant		
ecoli	gentamicin	SAMN51434451	2022	c_no_determinant		
ecoli	gentamicin	SAMN51434450	2022	c_no_determinant		
ecoli	gentamicin	SAMN51434449	2022	c_no_determinant		
ecoli	gentamicin	SAMN51434448	2022	c_no_determinant		
ecoli	gentamicin	SAMN51434447	2022	c_no_determinant		
ecoli	gentamicin	SAMN51434446	2022	c_no_determinant		
ecoli	gentamicin	SAMN51434443	2022	c_no_determinant		
ecoli	gentamicin	SAMN51434442	2022	c_no_determinant		
ecoli	gentamicin	SAMN51434441	2022	c_no_determinant		
ecoli	gentamicin	SAMN51434440	2022	c_no_determinant		
ecoli	gentamicin	SAMN51434439	2022	c_no_determinant		
ecoli	gentamicin	SAMN51434435	2022	c_no_determinant		
ecoli	gentamicin	SAMN51434436	2022	c_no_determinant		
ecoli	gentamicin	SAMN51434434	2022	c_no_determinant		
ecoli	gentamicin	SAMN51434433	2022	c_no_determinant		
ecoli	gentamicin	SAMN51434425	2022	c_no_determinant		
ecoli	gentamicin	SAMN51434424	2022	c_no_determinant		
ecoli	gentamicin	SAMN51434421	2022	c_no_determinant		
ecoli	gentamicin	SAMN51434420	2022	c_no_determinant		
ecoli	trimethoprim-sulfamethoxazole	SAMN26308893	2020	b_known_determinant		sul2
ecoli	trimethoprim-sulfamethoxazole	SAMN26305072	2020	c_no_determinant		
ecoli	trimethoprim-sulfamethoxazole	SAMN26305088	2020	b_known_determinant		dfrA8;sul2
ecoli	trimethoprim-sulfamethoxazole	SAMN26308739	2020	b_known_determinant		dfrA1
ecoli	trimethoprim-sulfamethoxazole	SAMN26308877	2020	b_known_determinant		dfrA1;sul3
ecoli	trimethoprim-sulfamethoxazole	SAMN26309080	2020	c_no_determinant		
ecoli	trimethoprim-sulfamethoxazole	SAMN26308848	2020	b_known_determinant		dfrA17;sul1
ecoli	trimethoprim-sulfamethoxazole	SAMN26304391	2020	b_known_determinant		dfrA8;sul2
ecoli	trimethoprim-sulfamethoxazole	SAMN26308629	2020	b_known_determinant		dfrA8;sul2
ecoli	trimethoprim-sulfamethoxazole	SAMN26304507	2020	b_known_determinant		dfrA8;sul2
ecoli	trimethoprim-sulfamethoxazole	SAMN26304941	2020	b_known_determinant		dfrA12;sul3
ecoli	trimethoprim-sulfamethoxazole	SAMN26304906	2020	b_known_determinant		dfrA17;sul1
ecoli	trimethoprim-sulfamethoxazole	SAMN26308781	2020	b_known_determinant		dfrA17;sul1
ecoli	trimethoprim-sulfamethoxazole	SAMN26304813	2020	b_known_determinant		sul2
ecoli	trimethoprim-sulfamethoxazole	SAMN26305089	2020	b_known_determinant		dfrA8;sul2
ecoli	trimethoprim-sulfamethoxazole	SAMN26309261	2020	b_known_determinant		dfrA5;sul1
ecoli	trimethoprim-sulfamethoxazole	SAMN26308771	2020	c_no_determinant		
ecoli	trimethoprim-sulfamethoxazole	SAMN26309052	2020	c_no_determinant		
ecoli	trimethoprim-sulfamethoxazole	SAMN26308515	2020	b_known_determinant		dfrA5;sul1
ecoli	trimethoprim-sulfamethoxazole	SAMN26309009	2020	b_known_determinant		dfrA7
ecoli	trimethoprim-sulfamethoxazole	SAMN26308631	2020	b_known_determinant		dfrA8;sul2
ecoli	trimethoprim-sulfamethoxazole	SAMN26309206	2020	c_no_determinant		
ecoli	trimethoprim-sulfamethoxazole	SAMN26308442	2020	b_known_determinant		sul2
ecoli	trimethoprim-sulfamethoxazole	SAMN26304426	2020	b_known_determinant		dfrA7
ecoli	trimethoprim-sulfamethoxazole	SAMN26305042	2020	b_known_determinant		dfrA14;sul3
ecoli	trimethoprim-sulfamethoxazole	SAMN26304553	2020	c_no_determinant		
ecoli	trimethoprim-sulfamethoxazole	SAMN26309424	2020	c_no_determinant		
ecoli	trimethoprim-sulfamethoxazole	SAMN26304572	2020	b_known_determinant		dfrA27;sul1
ecoli	trimethoprim-sulfamethoxazole	SAMN26308774	2020	b_known_determinant		dfrA5;sul1
ecoli	trimethoprim-sulfamethoxazole	SAMN26309166	2020	b_known_determinant		dfrA1
ecoli	trimethoprim-sulfamethoxazole	SAMN26309147	2020	c_no_determinant		
ecoli	trimethoprim-sulfamethoxazole	SAMN26309353	2020	b_known_determinant		dfrA8;sul2
ecoli	trimethoprim-sulfamethoxazole	SAMN26304845	2020	b_known_determinant		sul2
ecoli	trimethoprim-sulfamethoxazole	SAMN26308773	2020	b_known_determinant		dfrA5;sul1
ecoli	trimethoprim-sulfamethoxazole	SAMN26308424	2020	c_no_determinant		
ecoli	trimethoprim-sulfamethoxazole	SAMN26308993	2020	c_no_determinant		
ecoli	trimethoprim-sulfamethoxazole	SAMN26308777	2020	b_known_determinant		dfrA17;sul1
ecoli	trimethoprim-sulfamethoxazole	SAMN32680975	2020	c_no_determinant		
ecoli	trimethoprim-sulfamethoxazole	SAMN36726399	2022	b_known_determinant		dfrA14
ecoli	trimethoprim-sulfamethoxazole	SAMN36726649	2022	b_known_determinant		sul1
ecoli	trimethoprim-sulfamethoxazole	SAMN36728953	2022	b_known_determinant		dfrA17
ecoli	trimethoprim-sulfamethoxazole	SAMN36729081	2022	c_no_determinant		
ecoli	trimethoprim-sulfamethoxazole	SAMN36892891	2023	c_no_determinant		
ecoli	trimethoprim-sulfamethoxazole	SAMN40930687	2024	b_known_determinant		dfrA1
ecoli	trimethoprim-sulfamethoxazole	SAMN40930670	2024	b_known_determinant		dfrA1
ecoli	trimethoprim-sulfamethoxazole	SAMN40930646	2024	c_no_determinant		
ecoli	trimethoprim-sulfamethoxazole	SAMN41091864	2024	b_known_determinant		dfrA14
ecoli	trimethoprim-sulfamethoxazole	SAMN48878474	2023	b_known_determinant		dfrA1
ecoli	trimethoprim-sulfamethoxazole	SAMN48878468	2023	c_no_determinant		
ecoli	trimethoprim-sulfamethoxazole	SAMN48878337	2023	b_known_determinant		dfrA8;sul2
ecoli	trimethoprim-sulfamethoxazole	SAMN48878871	2023	a_unseen_determinant	dfrA19	sul1
ecoli	trimethoprim-sulfamethoxazole	SAMN48878187	2023	b_known_determinant		sul2
ecoli	trimethoprim-sulfamethoxazole	SAMN48878429	2023	b_known_determinant		dfrA16;sul3
ecoli	trimethoprim-sulfamethoxazole	SAMN48878363	2023	b_known_determinant		dfrA8;sul2
ecoli	trimethoprim-sulfamethoxazole	SAMN48878356	2023	b_known_determinant		dfrA8;sul2
ecoli	trimethoprim-sulfamethoxazole	SAMN48878788	2023	b_known_determinant		dfrA14
ecoli	trimethoprim-sulfamethoxazole	SAMN48878713	2023	b_known_determinant		dfrA8;sul2
ecoli	trimethoprim-sulfamethoxazole	SAMN48878619	2023	b_known_determinant		sul1
ecoli	trimethoprim-sulfamethoxazole	SAMN56978300	2021	b_known_determinant		dfrA8;sul1;sul2
ecoli	trimethoprim-sulfamethoxazole	SAMN42946277	2020	b_known_determinant		dfrA17;sul1;sul1;sul2
ecoli	trimethoprim-sulfamethoxazole	SAMN60973060	2025	b_known_determinant		sul1
ecoli	trimethoprim-sulfamethoxazole	SAMN51434510	2022	c_no_determinant		
ecoli	trimethoprim-sulfamethoxazole	SAMN51434498	2022	c_no_determinant		
ecoli	trimethoprim-sulfamethoxazole	SAMN51434487	2022	c_no_determinant		
ecoli	trimethoprim-sulfamethoxazole	SAMN51434479	2022	c_no_determinant		
ecoli	trimethoprim-sulfamethoxazole	SAMN51434478	2022	b_known_determinant		dfrA14
ecoli	trimethoprim-sulfamethoxazole	SAMN51434476	2022	b_known_determinant		sul2;sul3
ecoli	trimethoprim-sulfamethoxazole	SAMN51434470	2022	b_known_determinant		dfrA7
ecoli	trimethoprim-sulfamethoxazole	SAMN51434461	2022	c_no_determinant		
ecoli	trimethoprim-sulfamethoxazole	SAMN51434460	2022	b_known_determinant		sul2
ecoli	trimethoprim-sulfamethoxazole	SAMN51434459	2022	b_known_determinant		sul2
ecoli	trimethoprim-sulfamethoxazole	SAMN51434457	2022	c_no_determinant		
ecoli	trimethoprim-sulfamethoxazole	SAMN51434452	2022	c_no_determinant		
ecoli	trimethoprim-sulfamethoxazole	SAMN51434451	2022	c_no_determinant		
ecoli	trimethoprim-sulfamethoxazole	SAMN51434450	2022	c_no_determinant		
ecoli	trimethoprim-sulfamethoxazole	SAMN51434448	2022	c_no_determinant		
ecoli	trimethoprim-sulfamethoxazole	SAMN51434443	2022	c_no_determinant		
ecoli	trimethoprim-sulfamethoxazole	SAMN51434442	2022	b_known_determinant		sul2
ecoli	trimethoprim-sulfamethoxazole	SAMN51434441	2022	b_known_determinant		sul2
ecoli	trimethoprim-sulfamethoxazole	SAMN51434440	2022	b_known_determinant		sul2
ecoli	trimethoprim-sulfamethoxazole	SAMN51434435	2022	b_known_determinant		dfrA7;sul1
ecoli	trimethoprim-sulfamethoxazole	SAMN51434436	2022	b_known_determinant		dfrA7;sul1
ecoli	trimethoprim-sulfamethoxazole	SAMN51434433	2022	b_known_determinant		dfrA7;sul1
ecoli	trimethoprim-sulfamethoxazole	SAMN51434425	2022	b_known_determinant		sul2
ecoli	trimethoprim-sulfamethoxazole	SAMN51434421	2022	b_known_determinant		sul2
ecoli	trimethoprim-sulfamethoxazole	SAMN51434420	2022	b_known_determinant		sul2
