family	allele	first_year	n_subs	min_dist_site	proximal	in_test_novel	in_FN	subs
blaKPC	blaKPC-3	1905	1	9.337576866149902	0	0	0	H272Y:9.3
blaKPC	blaKPC-4	2011	2	9.155531883239746	0	0	0	P103R:9.2;V239G:9.8
blaKPC	blaKPC-5	2014	1	9.155531883239746	0	0	0	P103R:9.2
blaKPC	blaKPC-7		2	9.337576866149902	0	0	0	M49I:22.3;H272Y:9.3
blaKPC	blaKPC-11		1	9.155531883239746	0	0	0	P103L:9.2
blaKPC	blaKPC-6	2014	1	9.843992233276367	0	0	0	V239G:9.8
blaKPC	blaKPC-10	2014	2	9.155531883239746	0	0	0	P103R:9.2;H272Y:9.3
blaKPC	blaKPC-12	2014	1	6.138199806213379	1	0	0	L168M:6.1
blaKPC	blaKPC-13		2	9.337576866149902	0	0	0	D91G:24.8;H272Y:9.3
blaKPC	blaKPC-14	2003	0		0	0	0	
blaKPC	blaKPC-15		5	9.155531883239746	0	0	0	P103R:9.2;A119L:17.8;G146K:18.1;V239G:9.8;H272Y:9.3
blaKPC	blaKPC-16		2	14.596283912658691	0	0	0	P201S:24.6;F206L:14.6
blaKPC	blaKPC-17	2014	1	14.596283912658691	0	0	0	F206L:14.6
blaKPC	blaKPC-18	2014	1		0	0	0	V8I:
blaKPC	blaKPC-19		2	9.337576866149902	0	0	0	H272Y:9.3;N291T:
blaKPC	blaKPC-21	2021	1	7.540380954742432	1	0	0	W104R:7.5
blaKPC	blaKPC-22		2	7.540380954742432	1	0	0	W104G:7.5;F206L:14.6
blaKPC	blaKPC-24		1		0	0	0	R6P:
blaKPC	blaKPC-8	2013	2	9.337576866149902	0	0	0	V239G:9.8;H272Y:9.3
blaKPC	blaKPC-25	2020	0		0	0	0	
blaKPC	blaKPC-26		1		0	0	0	A18S:
blaKPC	blaKPC-28	2016	1	9.337576866149902	0	0	0	H272Y:9.3
blaKPC	blaKPC-31	2014	2	9.337576866149902	0	0	0	D178Y:10.2;H272Y:9.3
blaKPC	blaKPC-276	2015	2	7.571490287780762	1	0	0	T242A:7.6;H272Y:9.3
blaKPC	blaKPC-32	2015	3	7.571490287780762	1	0	0	D178Y:10.2;T242M:7.6;H272Y:9.3
blaKPC	blaKPC-27	2013	2	7.540380954742432	1	0	0	W104R:7.5;H272Y:9.3
blaKPC	blaKPC-30	2016	1		0	0	0	R6H:
blaKPC	blaKPC-56	2013	2	9.337576866149902	0	0	0	H272Y:9.3;G292W:
blaKPC	blaKPC-29	2019	1	9.337576866149902	0	0	0	H272Y:9.3
blaKPC	blaKPC-33	2016	1	10.233929634094238	0	0	0	D178Y:10.2
blaKPC	blaKPC-34		0		0	0	0	
blaKPC	blaKPC-35	2020	1	6.138199806213379	1	0	0	L168P:6.1
blaKPC	blaKPC-23	2014	2	9.337576866149902	0	0	0	V239A:9.8;H272Y:9.3
blaKPC	blaKPC-36	2017	2	9.337576866149902	0	0	0	D162E:13.6;H272Y:9.3
blaKPC	blaKPC-40		2	7.571490287780762	1	0	0	T242S:7.6;H272Y:9.3
blaKPC	blaKPC-37		2	9.919718742370605	0	0	0	W164R:9.9;F206L:14.6
blaKPC	blaKPC-38	2015	2	9.337576866149902	0	0	0	H272Y:9.3;V290A:26.3
blaKPC	blaKPC-39	2018	2	9.337576866149902	0	0	0	A171T:10.4;H272Y:9.3
blaKPC	blaKPC-42		1	28.52174949645996	0	0	0	T252A:28.5
blaKPC	blaKPC-43		1	19.308353424072266	0	0	0	Q190R:19.3
blaKPC	blaKPC-44	2020	0		0	0	0	
blaKPC	blaKPC-41	2018	1	9.337576866149902	0	0	0	H272Y:9.3
blaKPC	blaKPC-45	2020	1	23.23396873474121	0	1	0	T92K:23.2
blaKPC	blaKPC-46	2019	2	6.138199806213379	1	0	0	L168P:6.1;H272Y:9.3
blaKPC	blaKPC-53	2016	1	9.337576866149902	0	0	0	H272Y:9.3
blaKPC	blaKPC-52	2018	1	10.233929634094238	0	0	0	D178Y:10.2
blaKPC	blaKPC-51	2018	3	9.337576866149902	0	0	0	D178N:10.2;Y240H:12.8;H272N:9.3
blaKPC	blaKPC-54		1	18.921642303466797	0	0	0	A61S:18.9
blaKPC	blaKPC-181	2016	1	10.610010147094727	0	0	0	E274D:10.6
blaKPC	blaKPC-55		1	9.544035911560059	0	0	0	Y262N:9.5
blaKPC	blaKPC-50	2024	1	9.337576866149902	0	0	0	H272Y:9.3
blaKPC	blaKPC-57	2020	1	10.233929634094238	0	0	0	D178V:10.2
blaKPC	blaKPC-58	2019	0		0	0	0	
blaKPC	blaKPC-59		1	26.837207794189453	0	0	0	G88D:26.8
blaKPC	blaKPC-60		1	17.82913589477539	0	0	0	A119T:17.8
blaKPC	blaKPC-61	2020	2	9.337576866149902	0	0	0	S170P:10.0;H272Y:9.3
blaKPC	blaKPC-66	2019	1	9.337576866149902	0	0	0	H272Y:9.3
blaKPC	blaKPC-72	2017	1	10.44084644317627	0	0	0	A171D:10.4
blaKPC	blaKPC-73		0		0	0	0	
blaKPC	blaKPC-74	2020	0		0	0	0	
blaKPC	blaKPC-75	2019	1		0	0	0	L13F:
blaKPC	blaKPC-259	2017	0		0	0	0	
blaKPC	blaKPC-71	2017	0		0	0	0	
blaKPC	blaKPC-76	2019	1	10.233929634094238	0	0	0	D178Y:10.2
blaKPC	blaKPC-77	2022	1	11.162467002868652	0	0	0	R163P:11.2
blaKPC	blaKPC-49	2018	2	9.337576866149902	0	0	0	R163S:11.2;H272Y:9.3
blaKPC	blaKPC-78	2019	1	10.233929634094238	0	0	0	D178A:10.2
blaKPC	blaKPC-79	2019	0		0	0	0	
blaKPC	blaKPC-82		0		0	0	0	
blaKPC	blaKPC-62	2019	2	6.138199806213379	1	0	0	L168Q:6.1;H272Y:9.3
blaKPC	blaKPC-63		2	9.337576866149902	0	0	0	Y240S:12.8;H272Y:9.3
blaKPC	blaKPC-64		3	7.571490287780762	1	0	0	T242A:7.6;Y262H:9.5;H272Y:9.3
blaKPC	blaKPC-65	2017	1	9.337576866149902	0	0	0	H272Y:9.3
blaKPC	blaKPC-80	2019	0		0	0	0	
blaKPC	blaKPC-81	2020	0		0	0	0	
blaKPC	blaKPC-68	2019	1	9.337576866149902	0	0	0	H272Y:9.3
blaKPC	blaKPC-67	2019	1	9.337576866149902	0	0	0	H272Y:9.3
blaKPC	blaKPC-70	2020	3	9.337576866149902	0	0	0	D178Y:10.2;T263A:11.4;H272Y:9.3
blaKPC	blaKPC-69	2020	1	9.337576866149902	0	0	0	H272Y:9.3
blaKPC	blaKPC-47		3	7.571490287780762	1	0	0	A171T:10.4;T242A:7.6;H272Y:9.3
blaKPC	blaKPC-48		3	6.138199806213379	1	0	0	L168P:6.1;A171T:10.4;H272Y:9.3
blaKPC	blaKPC-84	2016	1	7.571490287780762	1	0	0	T242P:7.6
blaKPC	blaKPC-85	2018	2	9.337576866149902	0	0	0	A171V:10.4;H272Y:9.3
blaKPC	blaKPC-86	2022	1	10.233929634094238	0	0	0	D178G:10.2
blaKPC	blaKPC-87		1	7.571490287780762	1	0	0	T242A:7.6
blaKPC	blaKPC-88	2017	1	15.43256664276123	0	0	0	D175Y:15.4
blaKPC	blaKPC-95	2018	3	9.337576866149902	0	0	0	A171T:10.4;D178Y:10.2;H272Y:9.3
blaKPC	blaKPC-94	2017	2	4.4466233253479	1	0	0	N169H:4.4;H272Y:9.3
blaKPC	blaKPC-90	2018	0		0	0	0	
blaKPC	blaKPC-91	2020	2	9.337576866149902	0	0	0	V102L:10.9;H272Y:9.3
blaKPC	blaKPC-98	2023	2	9.337576866149902	0	0	0	R163H:11.2;H272Y:9.3
blaKPC	blaKPC-96	2019	1	12.835626602172852	0	0	0	Y240N:12.8
blaKPC	blaKPC-97	2020	0		0	0	0	
blaKPC	blaKPC-103	2019	0		0	0	0	
blaKPC	blaKPC-104	2020	0		0	0	0	
blaKPC	blaKPC-107	2020	0		0	0	0	
blaKPC	blaKPC-105	2020	1	6.138199806213379	1	0	0	L168Q:6.1
blaKPC	blaKPC-108	2021	0		0	0	0	
blaKPC	blaKPC-106	2021	0		0	0	0	
blaKPC	blaKPC-102		2	10.233929634094238	0	0	0	D178Y:10.2;Y240D:12.8
blaKPC	blaKPC-112	2023	0		0	0	0	
blaKPC	blaKPC-83		1	24.683813095092773	0	0	0	A34T:24.7
blaKPC	blaKPC-89		2	7.571490287780762	1	0	0	T242M:7.6;H272Y:9.3
blaKPC	blaKPC-92	2020	2	9.337576866149902	0	0	0	E167D:10.0;H272Y:9.3
blaKPC	blaKPC-113	2020	0		0	0	0	
blaKPC	blaKPC-114	2020	0		0	0	0	
blaKPC	blaKPC-115	2021	2	9.337576866149902	0	0	0	S170P:10.0;H272Y:9.3
blaKPC	blaKPC-116		1	9.96031665802002	0	0	0	S170F:10.0
blaKPC	blaKPC-117		2		0	0	0	L3I:;Y4F:
blaKPC	blaKPC-118	2020	3	9.337576866149902	0	0	0	V102L:10.9;W164R:9.9;H272Y:9.3
blaKPC	blaKPC-119	2018	1	22.902860641479492	0	0	0	Q38H:22.9
blaKPC	blaKPC-120		2	9.155531883239746	0	0	0	P103R:9.2;D178Y:10.2
blaKPC	blaKPC-121	2021	1	9.337576866149902	0	0	0	H272Y:9.3
blaKPC	blaKPC-122		2	9.337576866149902	0	0	0	V8I:;H272Y:9.3
blaKPC	blaKPC-123		0		0	0	0	
blaKPC	blaKPC-93	2021	0		0	0	0	
blaKPC	blaKPC-125	2021	2	9.337576866149902	0	0	0	D178A:10.2;H272Y:9.3
blaKPC	blaKPC-126	2020	1	10.44084644317627	0	0	0	A171V:10.4
blaKPC	blaKPC-100	2022	1	7.571490287780762	1	0	0	T242M:7.6
blaKPC	blaKPC-127	2022	1	10.44084644317627	0	0	0	A171T:10.4
blaKPC	blaKPC-128	2022	2	7.571490287780762	1	0	0	D178Y:10.2;T242M:7.6
blaKPC	blaKPC-130	2020	2	9.337576866149902	0	0	0	D178G:10.2;H272Y:9.3
blaKPC	blaKPC-131		1	7.938618183135986	1	0	0	T215A:7.9
blaKPC	blaKPC-132	2022	1	9.337576866149902	0	0	0	H272Y:9.3
blaKPC	blaKPC-133		1	10.233929634094238	0	0	0	D178G:10.2
blaKPC	blaKPC-110	2021	3	9.337576866149902	0	0	0	G42R:18.8;D178Y:10.2;H272Y:9.3
blaKPC	blaKPC-111		3	9.337576866149902	0	0	0	P173L:16.4;D178Y:10.2;H272Y:9.3
blaKPC	blaKPC-157	2016	1	5.644896984100342	1	0	0	N131S:5.6
blaKPC	blaKPC-101	2023	0		0	0	0	
blaKPC	blaKPC-134		1	10.233929634094238	0	0	0	D178A:10.2
blaKPC	blaKPC-135	2023	0		0	0	0	
blaKPC	blaKPC-138		2	6.138199806213379	1	0	0	L168P:6.1;T242A:7.6
blaKPC	blaKPC-139	2020	1	10.233929634094238	0	0	0	D178Y:10.2
blaKPC	blaKPC-140	2021	1	10.233929634094238	0	0	0	D178N:10.2
blaKPC	blaKPC-141	2021	1	10.233929634094238	0	0	0	D178Y:10.2
blaKPC	blaKPC-142	2021	0		0	0	0	
blaKPC	blaKPC-143	2021	2	10.233929634094238	0	0	0	D178Y:10.2;T186S:16.4
blaKPC	blaKPC-144	2018	1	10.44084644317627	0	0	0	A171T:10.4
blaKPC	blaKPC-99	2020	1	11.162467002868652	0	0	0	R163S:11.2
blaKPC	blaKPC-148	2015	1	9.337576866149902	0	0	0	H272Y:9.3
blaKPC	blaKPC-204	2017	0		0	0	0	
blaKPC	blaKPC-145	2023	2	10.233929634094238	0	0	0	D178Y:10.2;T263A:11.4
blaKPC	blaKPC-146		1		0	0	0	L3M:
blaKPC	blaKPC-147		1		0	0	0	L9M:
blaKPC	blaKPC-151		1	7.571490287780762	1	0	0	T242S:7.6
blaKPC	blaKPC-153		2	9.337576866149902	0	0	0	H272Y:9.3;E274D:10.6
blaKPC	blaKPC-109	2021	1	9.337576866149902	0	0	0	H272Y:9.3
blaKPC	blaKPC-155		2	6.138199806213379	1	0	0	L168P:6.1;T242A:7.6
blaKPC	blaKPC-156		1	29.26519203186035	0	0	0	G289D:29.3
blaKPC	blaKPC-136		1	16.37038803100586	0	0	0	P173L:16.4
blaKPC	blaKPC-159		1	10.233929634094238	0	0	0	D178E:10.2
blaKPC	blaKPC-160	2021	0		0	0	0	
blaKPC	blaKPC-161		0		0	0	0	
blaKPC	blaKPC-162	2022	0		0	0	0	
blaKPC	blaKPC-163	2022	0		0	0	0	
blaKPC	blaKPC-164		0		0	0	0	
blaKPC	blaKPC-165		1	4.4466233253479	1	0	0	N169D:4.4
blaKPC	blaKPC-166	2014	1	4.4466233253479	1	0	0	N169H:4.4
blaKPC	blaKPC-167	2021	2	9.337576866149902	0	0	0	D178Y:10.2;H272Y:9.3
blaKPC	blaKPC-261	2021	1	10.233929634094238	0	0	0	D178Y:10.2
blaKPC	blaKPC-124	2022	2	9.337576866149902	0	0	0	D178Y:10.2;H272Y:9.3
blaKPC	blaKPC-129	2022	1	4.4466233253479	1	0	0	N169H:4.4
blaKPC	blaKPC-178	2018	2	9.337576866149902	0	0	0	P173L:16.4;H272Y:9.3
blaKPC	blaKPC-179	2023	1	10.663386344909668	0	0	0	A132T:10.7
blaKPC	blaKPC-180	2022	1	11.162467002868652	0	0	0	R163H:11.2
blaKPC	blaKPC-158	2017	1	7.93586540222168	1	0	0	A243V:7.9
blaKPC	blaKPC-182		1	21.914390563964844	0	0	0	L285I:21.9
blaKPC	blaKPC-183	2019	1	9.337576866149902	0	0	0	H272Y:9.3
blaKPC	blaKPC-184	2019	2	9.337576866149902	0	0	0	H272Y:9.3;E274D:10.6
blaKPC	blaKPC-201		1	9.337576866149902	0	0	0	H272Y:9.3
blaKPC	blaKPC-154	2022	1	9.337576866149902	0	0	0	H272Y:9.3
blaKPC	blaKPC-170	2017	1	10.233929634094238	0	0	0	D178N:10.2
blaKPC	blaKPC-185		2	7.571490287780762	1	0	0	D178G:10.2;T242A:7.6
blaKPC	blaKPC-186		0		0	0	0	
blaKPC	blaKPC-187		2	10.233929634094238	0	0	0	R163H:11.2;D178Y:10.2
blaKPC	blaKPC-189	2023	2	10.233929634094238	0	0	0	A171T:10.4;D178Y:10.2
blaKPC	blaKPC-190	2024	2	7.93586540222168	1	0	0	D178Y:10.2;A243V:7.9
blaKPC	blaKPC-191		1	10.233929634094238	0	0	0	D178P:10.2
blaKPC	blaKPC-192		0		0	0	0	
blaKPC	blaKPC-197	2023	2	9.337576866149902	0	0	0	A176E:15.5;H272Y:9.3
blaKPC	blaKPC-137		2	16.37038803100586	0	0	0	P173L:16.4;G174D:18.0
blaKPC	blaKPC-168	2016	1	15.43256664276123	0	0	0	D175N:15.4
blaKPC	blaKPC-176	2017	1	9.96031665802002	0	0	0	S170P:10.0
blaKPC	blaKPC-193		0		0	0	0	
blaKPC	blaKPC-194	2023	2	10.233929634094238	0	0	0	D178Y:10.2;P182L:15.7
blaKPC	blaKPC-195	2011	1	25.61713409423828	0	0	0	E286D:25.6
blaKPC	blaKPC-196		1	10.233929634094238	0	0	0	D178Y:10.2
blaKPC	blaKPC-203	2022	1	9.337576866149902	0	0	0	H272Y:9.3
blaKPC	blaKPC-205	2022	1	9.337576866149902	0	0	0	H272Y:9.3
blaKPC	blaKPC-149		2	9.337576866149902	0	0	0	N213S:10.0;H272Y:9.3
blaKPC	blaKPC-150		2	4.4466233253479	1	0	0	N169H:4.4;H272Y:9.3
blaKPC	blaKPC-152		1	9.337576866149902	0	0	0	H272Y:9.3
blaKPC	blaKPC-202	2023	0		0	0	0	
blaKPC	blaKPC-206		0		0	0	0	
blaKPC	blaKPC-207		1	6.138199806213379	1	0	0	L168Q:6.1
blaKPC	blaKPC-208		2	6.138199806213379	1	0	0	L168Q:6.1;D178Y:10.2
blaKPC	blaKPC-211	2023	0		0	0	0	
blaKPC	blaKPC-214	2023	1	12.692055702209473	0	0	0	R177H:12.7
blaKPC	blaKPC-215	2023	1	13.63399600982666	0	0	0	I172S:13.6
blaKPC	blaKPC-212	2023	1	11.162467002868652	0	0	0	R163L:11.2
blaKPC	blaKPC-213	2023	1	13.575481414794922	0	0	0	D162G:13.6
blaKPC	blaKPC-169	2017	0		0	0	0	
blaKPC	blaKPC-171	2017	0		0	0	0	
blaKPC	blaKPC-172	2016	1	10.233929634094238	0	0	0	D178E:10.2
blaKPC	blaKPC-173	2016	0		0	0	0	
blaKPC	blaKPC-174	2019	0		0	0	0	
blaKPC	blaKPC-175	2019	0		0	0	0	
blaKPC	blaKPC-177	2016	0		0	0	0	
blaKPC	blaKPC-209		0		0	0	0	
blaKPC	blaKPC-216	2022	1	9.337576866149902	0	0	0	H272Y:9.3
blaKPC	blaKPC-264	2016	1	14.018362045288086	0	0	0	S108P:14.0
blaKPC	blaKPC-228	2021	0		0	0	0	
blaKPC	blaKPC-217		4	9.337576866149902	0	0	0	A171D:10.4;H272Y:9.3;E274D:10.6;N291T:
blaKPC	blaKPC-218		4	9.337576866149902	0	0	0	P173L:16.4;H272Y:9.3;E274D:10.6;N291T:
blaKPC	blaKPC-223		1	19.372732162475586	0	0	0	V249F:19.4
blaKPC	blaKPC-224		1	6.138199806213379	1	0	0	L168Q:6.1
blaKPC	blaKPC-225		2	9.337576866149902	0	0	0	D178H:10.2;H272Y:9.3
blaKPC	blaKPC-226		0		0	0	0	
blaKPC	blaKPC-227	2023	1	10.233929634094238	0	0	0	D178Y:10.2
blaKPC	blaKPC-230	2024	1	11.162467002868652	0	0	0	R163S:11.2
blaKPC	blaKPC-188		0		0	0	0	
blaKPC	blaKPC-231	2022	2	9.337576866149902	0	0	0	S170Y:10.0;H272Y:9.3
blaKPC	blaKPC-232		2	9.337576866149902	0	0	0	T92K:23.2;H272Y:9.3
blaKPC	blaKPC-233		0		0	0	0	
blaKPC	blaKPC-234	2023	2	10.233929634094238	0	0	0	D178G:10.2;Y240D:12.8
blaKPC	blaKPC-236		1	26.157482147216797	0	0	0	Q86R:26.2
blaKPC	blaKPC-237		0		0	0	0	
blaKPC	blaKPC-238		2	9.337576866149902	0	0	0	V239E:9.8;H272Y:9.3
blaKPC	blaKPC-239	2022	2	9.337576866149902	0	0	0	Y240D:12.8;H272Y:9.3
blaKPC	blaKPC-240		1	9.337576866149902	0	0	0	H272Y:9.3
blaKPC	blaKPC-241		0		0	0	0	
blaKPC	blaKPC-242		1	10.233929634094238	0	0	0	D178Y:10.2
blaKPC	blaKPC-248		2	4.410146713256836	1	0	0	K72R:4.4;H272Y:9.3
blaKPC	blaKPC-247		1	9.155531883239746	0	0	0	P103R:9.2
blaKPC	blaKPC-246		2	9.155531883239746	0	0	0	P103R:9.2;D178V:10.2
blaKPC	blaKPC-245	2024	2	9.337576866149902	0	0	0	H272Y:9.3;E274D:10.6
blaKPC	blaKPC-250	2023	1	10.233929634094238	0	0	0	D178Y:10.2
blaKPC	blaKPC-243		0		0	0	0	
blaKPC	blaKPC-244	2016	1	10.012434005737305	0	0	0	N213T:10.0
blaKPC	blaKPC-262	2022	1	18.16983985900879	0	0	0	P266S:18.2
blaKPC	blaKPC-252	2022	0		0	0	0	
blaKPC	blaKPC-249		0		0	0	0	
blaKPC	blaKPC-251		1	9.337576866149902	0	0	0	H272Y:9.3
blaKPC	blaKPC-255		2	10.233929634094238	0	0	0	D178Y:10.2;P266H:18.2
blaKPC	blaKPC-256		1	10.233929634094238	0	0	0	D178Y:10.2
blaKPC	blaKPC-257		0		0	0	0	
blaKPC	blaKPC-258		2	15.43256664276123	0	0	0	G174H:18.0;D175G:15.4
blaKPC	blaKPC-260		1	9.337576866149902	0	0	0	H272Y:9.3
blaKPC	blaKPC-263	2018	0		0	0	0	
blaKPC	blaKPC-219		1	18.763317108154297	0	0	0	G42S:18.8
blaKPC	blaKPC-220		1	6.138199806213379	1	0	0	L168R:6.1
blaKPC	blaKPC-221		1	10.663386344909668	0	0	0	A132T:10.7
blaKPC	blaKPC-222		1	14.892353057861328	0	0	0	F40V:14.9
blaKPC	blaKPC-265		0		0	0	0	
blaKPC	blaKPC-266		0		0	0	0	
blaKPC	blaKPC-267		2	9.337576866149902	0	0	0	D178N:10.2;H272Y:9.3
blaKPC	blaKPC-268		1	10.233929634094238	0	0	0	D178Y:10.2
blaKPC	blaKPC-269		1	10.233929634094238	0	0	0	D178H:10.2
blaKPC	blaKPC-270		1	9.337576866149902	0	0	0	H272Y:9.3
blaKPC	blaKPC-271		1	10.233929634094238	0	0	0	D178Y:10.2
blaKPC	blaKPC-272	2025	1	9.337576866149902	0	0	0	H272Y:9.3
blaKPC	blaKPC-273		0		0	0	0	
blaKPC	blaKPC-274		1	10.233929634094238	0	0	0	D178H:10.2
blaKPC	blaKPC-275	2025	2	7.571490287780762	1	0	0	D178Y:10.2;T242P:7.6
blaKPC	blaKPC-229		0		0	0	0	
blaKPC	blaKPC-277		0		0	0	0	
blaKPC	blaKPC-278		0		0	0	0	
blaKPC	blaKPC-279		1	7.571490287780762	1	0	0	T242A:7.6
blaKPC	blaKPC-280		1	12.835626602172852	0	0	0	Y240D:12.8
blaKPC	blaKPC-281	2025	1	27.01639747619629	0	0	0	A255S:27.0
blaKPC	blaKPC-20	2017	1		0	0	0	V29I:
blaKPC	blaKPC-210		0		0	0	0	
blaKPC	blaKPC-282	2023	0		0	0	0	
blaKPC	blaKPC-283		1	10.233929634094238	0	0	0	D178Y:10.2
blaKPC	blaKPC-284		0		0	0	0	
blaKPC	blaKPC-285		0		0	0	0	
blaKPC	blaKPC-199		2	9.337576866149902	0	0	0	E167K:10.0;H272Y:9.3
blaKPC	blaKPC-200		1	9.337576866149902	0	0	0	H272Y:9.3
blaKPC	blaKPC-286		2	9.337576866149902	0	0	0	H272Y:9.3;A275V:15.4
blaKPC	blaKPC-287	2025	1	6.138199806213379	1	0	0	L168Q:6.1
blaKPC	blaKPC-295	2022	2	7.571490287780762	1	0	0	T242A:7.6;H272Y:9.3
blaKPC	blaKPC-291		1	10.233929634094238	0	0	0	D178Y:10.2
blaKPC	blaKPC-296		1	9.337576866149902	0	0	0	H272Y:9.3
blaKPC	blaKPC-293		3	9.337576866149902	0	0	0	D178A:10.2;H272Y:9.3;E274D:10.6
blaKPC	blaKPC-288		0		0	0	0	
blaKPC	blaKPC-289		1	7.214806079864502	1	0	0	G238D:7.2
blaKPC	blaKPC-290		2	10.233929634094238	0	0	0	G42A:18.8;D178Y:10.2
blaKPC	blaKPC-292		2	9.337576866149902	0	0	0	E167N:10.0;H272Y:9.3
blaKPC	blaKPC-294		2	4.087839126586914	1	0	0	P93R:24.1;S129T:4.1
blaKPC	blaKPC-297	2025	0		0	0	0	
blaKPC	blaKPC-298		0		0	0	0	
blaKPC	blaKPC-299		1	11.162467002868652	0	0	0	R163P:11.2
blaKPC	blaKPC-301		1	9.337576866149902	0	0	0	H272Y:9.3
blaKPC	blaKPC-300	2022	2	9.337576866149902	0	0	0	P266T:18.2;H272R:9.3
blaSHV	blaSHV-12	1905	3	8.464385032653809	0	0	0	L31Q:25.8;G234S:8.5;E235K:11.1
blaSHV	blaSHV-206	2018	1	26.35029411315918	0	0	0	P247L:26.4
blaSHV	blaSHV-11	1900	1	25.75250816345215	0	0	0	L31Q:25.8
blaSHV	blaSHV-28	1980	1		0	0	0	Y3F:
blaSHV	blaSHV-60	2002	2	16.57780647277832	0	0	0	L31Q:25.8;A183T:16.6
blaSHV	blaSHV-5	1900	2	8.464385032653809	0	0	0	G234S:8.5;E235K:11.1
blaSHV	blaSHV-2	1996	1	8.464385032653809	0	0	0	G234S:8.5
blaSHV	blaSHV-7	2001	4	8.464385032653809	0	0	0	I4F:;R39S:18.1;G234S:8.5;E235K:11.1
blaSHV	blaSHV-187	1997	0		0	0	0	
blaSHV	blaSHV-76	2002	3	13.32701301574707	0	0	0	T14A:;L31Q:25.8;D209E:13.3
blaSHV	blaSHV-26	2001	1	16.57780647277832	0	0	0	A183T:16.6
blaSHV	blaSHV-27	1900	1	22.570837020874023	0	0	0	G152D:22.6
blaSHV	blaSHV-75	1900	1	28.52107048034668	0	0	0	N248H:28.5
blaSHV	blaSHV-80	2007	2	16.711450576782227	0	0	0	L31Q:25.8;A142T:16.7
blaSHV	blaSHV-33	1970	1	25.239402770996094	0	0	0	P222S:25.2
blaSHV	blaSHV-211	2001	1	23.05193519592285	0	0	0	A278W:23.1
blaSHV	blaSHV-9		5	8.464385032653809	0	0	0	A136R:14.7;K188N:20.5;L189V:15.6;G234S:8.5;E235K:11.1
blaSHV	blaSHV-43		2	16.347301483154297	0	0	0	L109F:19.2;T145S:16.3
blaSHV	blaSHV-57	2024	1	6.577915668487549	1	1	0	L165R:6.6
blaSHV	blaSHV-30	2003	3	8.464385032653809	0	0	0	I4F:;R39S:18.1;G234S:8.5
blaSHV	blaSHV-70	2020	2	11.953195571899414	0	0	0	L31Q:25.8;L144V:12.0
blaSHV	blaSHV-89	2009	2	7.0302581787109375	1	0	0	L31Q:25.8;M125V:7.0
blaSHV	blaSHV-92		3	4.474154949188232	1	0	0	L31Q:25.8;M65I:4.5;T137I:16.2
blaSHV	blaSHV-104		1	21.896480560302734	0	0	0	R198S:21.9
blaSHV	blaSHV-129		5	8.464385032653809	0	0	0	L31Q:25.8;G234S:8.5;E235K:11.1;R269L:12.8;N270D:13.5
blaSHV	blaSHV-100	2009	1		0	0	0	Y3F:
blaSHV	blaSHV-101		1	9.152181625366211	0	0	0	D210G:9.2
blaSHV	blaSHV-102	2000	1	8.464385032653809	0	0	0	G234A:8.5
blaSHV	blaSHV-103	2009	1	24.608308792114258	0	0	0	K250R:24.6
blaSHV	blaSHV-105	2017	5	8.464385032653809	0	0	0	I4F:;R39S:18.1;G152D:22.6;G234S:8.5;E235K:11.1
blaSHV	blaSHV-106	2002	2	8.464385032653809	0	0	0	Y3F:;G234S:8.5
blaSHV	blaSHV-107	2018	2	4.911344051361084	1	0	0	L31Q:25.8;T231A:4.9
blaSHV	blaSHV-108	1900	2	16.21152687072754	0	0	0	L31Q:25.8;T137I:16.2
blaSHV	blaSHV-109	2025	3	17.005565643310547	0	0	0	L6R:;L31Q:25.8;T262M:17.0
blaSHV	blaSHV-110	2000	2	22.570837020874023	0	0	0	L31Q:25.8;G152D:22.6
blaSHV	blaSHV-111	2011	1	18.449451446533203	0	0	0	P170S:18.4
blaSHV	blaSHV-119	2005	3	25.75250816345215	0	0	0	Y3H:;H20Q:;L31Q:25.8
blaSHV	blaSHV-120	2013	1	11.110058784484863	0	0	0	E235K:11.1
blaSHV	blaSHV-121	2003	4	7.0302581787109375	1	0	0	T14A:;A18V:;L31Q:25.8;M125V:7.0
blaSHV	blaSHV-128		6	8.464385032653809	0	0	0	L31Q:25.8;C119R:10.3;G234S:8.5;E235K:11.1;I276T:19.8;L280P:21.5
blaSHV	blaSHV-13		2	8.464385032653809	0	0	0	L31Q:25.8;G234A:8.5
blaSHV	blaSHV-132	2017	1	4.474154949188232	1	0	0	M65L:4.5
blaSHV	blaSHV-133	2004	1	11.761286735534668	0	0	0	R211G:11.8
blaSHV	blaSHV-134	2013	4	8.464385032653809	0	0	0	L31Q:25.8;Q150E:22.6;G234S:8.5;E235K:11.1
blaSHV	blaSHV-135	2017	3	16.57780647277832	0	0	0	E27K:28.3;L31Q:25.8;A183T:16.6
blaSHV	blaSHV-137	2011	2	17.7748966217041	0	0	0	G143A:17.8;N248H:28.5
blaSHV	blaSHV-14	1900	2	18.12006187438965	0	0	0	I4F:;R39S:18.1
blaSHV	blaSHV-141	2004	2	8.464385032653809	0	0	0	R39S:18.1;G234S:8.5
blaSHV	blaSHV-142	2006	2	25.75250816345215	0	0	0	T14A:;L31Q:25.8
blaSHV	blaSHV-143		1	11.186125755310059	0	0	0	R160L:11.2
blaSHV	blaSHV-144	2014	2	16.711450576782227	0	0	0	L31Q:25.8;A142V:16.7
blaSHV	blaSHV-145	2019	1	10.602864265441895	0	0	0	L118R:10.6
blaSHV	blaSHV-146	2008	2	11.110058784484863	0	0	0	E235K:11.1;E268K:18.9
blaSHV	blaSHV-147		2	4.706550598144531	1	0	0	T67A:4.7;P263S:20.0
blaSHV	blaSHV-148		1	30.98998260498047	0	0	0	R286Q:31.0
blaSHV	blaSHV-149		3	17.134889602661133	0	0	0	Q35R:24.4;R39S:18.1;F147S:17.1
blaSHV	blaSHV-15		5	8.464385032653809	0	0	0	L31Q:25.8;V76M:14.2;E85K:19.7;G234S:8.5;E235K:11.1
blaSHV	blaSHV-150		1	13.776371955871582	0	0	0	A243V:13.8
blaSHV	blaSHV-151		2	18.12006187438965	0	0	0	L36P:19.1;R39S:18.1
blaSHV	blaSHV-152		2	8.464385032653809	0	0	0	W56R:21.3;G234S:8.5
blaSHV	blaSHV-153		2	8.464385032653809	0	0	0	G234S:8.5;A267V:17.2
blaSHV	blaSHV-154	2009	3	8.464385032653809	0	0	0	R39S:18.1;G234S:8.5;E235K:11.1
blaSHV	blaSHV-155		2	25.75250816345215	0	0	0	L31Q:25.8;R286Q:31.0
blaSHV	blaSHV-156		3	18.492324829101562	0	0	0	L31Q:25.8;L87P:18.5;A146T:19.3
blaSHV	blaSHV-157	2005	2	10.570012092590332	0	0	0	L31Q:25.8;V71M:10.6
blaSHV	blaSHV-158		2	23.492204666137695	0	0	0	L31Q:25.8;T54A:23.5
blaSHV	blaSHV-159	2019	2	13.32701301574707	0	0	0	L31Q:25.8;D209G:13.3
blaSHV	blaSHV-16		2	16.463598251342773	0	0	0	H92T:20.5;Y93H:16.5
blaSHV	blaSHV-160		4	8.464385032653809	0	0	0	L31Q:25.8;S34G:25.5;G234S:8.5;E235K:11.1
blaSHV	blaSHV-161	1996	1	18.12006187438965	0	0	0	R39S:18.1
blaSHV	blaSHV-162		3	8.464385032653809	0	0	0	R39S:18.1;I43V:18.6;G234S:8.5
blaSHV	blaSHV-163		3	8.464385032653809	0	0	0	R39S:18.1;G234S:8.5;R286Q:31.0
blaSHV	blaSHV-164	2005	1	14.653035163879395	0	0	0	R236Q:14.7
blaSHV	blaSHV-165		3	8.464385032653809	0	0	0	T14P:;G234S:8.5;E235K:11.1
blaSHV	blaSHV-168	2001	2	16.711450576782227	0	0	0	I4F:;A142V:16.7
blaSHV	blaSHV-172	2001	2	23.77522087097168	0	0	0	L31Q:25.8;E252D:23.8
blaSHV	blaSHV-173		2	21.466833114624023	0	0	0	L31Q:25.8;L47Q:21.5
blaSHV	blaSHV-178		2	12.298502922058105	0	0	0	L31Q:25.8;M207V:12.3
blaSHV	blaSHV-179		1	0.0	1	0	0	S66N:0.0
blaSHV	blaSHV-18	1994	4	8.464385032653809	0	0	0	I4F:;R39S:18.1;G234A:8.5;E235K:11.1
blaSHV	blaSHV-180	2017	2	16.57780647277832	0	0	0	R39H:18.1;A183T:16.6
blaSHV	blaSHV-182		2	10.34792709350586	0	0	0	L31Q:25.8;S102T:10.3
blaSHV	blaSHV-183		3	8.464385032653809	0	0	0	L31Q:25.8;G234S:8.5;E235K:11.1
blaSHV	blaSHV-185		1	14.52675724029541	0	0	0	V256M:14.5
blaSHV	blaSHV-186	2007	2	13.644294738769531	0	0	0	A183T:16.6;G237C:13.6
blaSHV	blaSHV-188		0		0	0	0	
blaSHV	blaSHV-189	2013	3	11.110058784484863	0	0	0	I4F:;R39S:18.1;E235K:11.1
blaSHV	blaSHV-190		2	23.725345611572266	0	0	0	L31Q:25.8;I281L:23.7
blaSHV	blaSHV-191	2012	2	22.570837020874023	0	0	0	A48V:25.8;G152D:22.6
blaSHV	blaSHV-193	2013	2	16.791425704956055	0	0	0	L31Q:25.8;R61L:16.8
blaSHV	blaSHV-24	2011	1	11.19934368133545	0	0	0	D175G:11.2
blaSHV	blaSHV-25	2001	3	7.0302581787109375	1	0	0	T14A:;L31Q:25.8;M125V:7.0
blaSHV	blaSHV-29		3	8.464385032653809	0	0	0	L31Q:25.8;R39S:18.1;G234A:8.5
blaSHV	blaSHV-3		2	8.464385032653809	0	0	0	R201L:19.7;G234S:8.5
blaSHV	blaSHV-31	2009	2	11.110058784484863	0	0	0	L31Q:25.8;E235K:11.1
blaSHV	blaSHV-32	2001	2	5.436063766479492	1	0	0	A122V:5.4;G152D:22.6
blaSHV	blaSHV-34		4	8.464385032653809	0	0	0	I4F:;R39S:18.1;E60G:18.5;G234S:8.5
blaSHV	blaSHV-35		3	10.371339797973633	0	0	0	L31Q:25.8;E85K:19.7;A238G:10.4
blaSHV	blaSHV-36	1900	2	25.75250816345215	0	0	0	I4V:;L31Q:25.8
blaSHV	blaSHV-37	2001	4	7.0302581787109375	1	0	0	T14A:;L31Q:25.8;M125V:7.0;Q272H:19.4
blaSHV	blaSHV-38	2007	1	16.711450576782227	0	0	0	A142V:16.7
blaSHV	blaSHV-40	2001	2	10.371339797973633	0	0	0	L31Q:25.8;A238G:10.4
blaSHV	blaSHV-41	2005	1	14.893571853637695	0	0	0	V138F:14.9
blaSHV	blaSHV-42	1900	2	7.0302581787109375	1	0	0	A21S:;M125V:7.0
blaSHV	blaSHV-44	2002	1	19.700265884399414	0	0	0	R201L:19.7
blaSHV	blaSHV-45	2008	3	8.464385032653809	0	0	0	G152D:22.6;G234S:8.5;E235K:11.1
blaSHV	blaSHV-46		3	8.464385032653809	0	0	0	T191N:22.0;G234S:8.5;E235K:11.1
blaSHV	blaSHV-48		1	15.250894546508789	0	0	0	V115I:15.3
blaSHV	blaSHV-49	1996	1	4.474154949188232	1	0	0	M65I:4.5
blaSHV	blaSHV-50	2018	2	16.565696716308594	0	0	0	A183T:16.6;Q202H:16.6
blaSHV	blaSHV-51	2016	2	13.807154655456543	0	0	0	P141L:13.8;G171A:20.1
blaSHV	blaSHV-52	1998	4	4.474154949188232	1	0	0	T14A:;L31Q:25.8;M65I:4.5;T137I:16.2
blaSHV	blaSHV-55	2001	3	8.464385032653809	0	0	0	Y3F:;G234S:8.5;E235K:11.1
blaSHV	blaSHV-56	2002	2	4.340297698974609	1	0	0	L31Q:25.8;K230R:4.3
blaSHV	blaSHV-59	2013	2	9.302705764770508	0	0	0	A130V:9.3;P263L:20.0
blaSHV	blaSHV-61	2001	2	25.75250816345215	0	0	0	L6R:;L31Q:25.8
blaSHV	blaSHV-62	2004	2	17.440616607666016	0	0	0	L31Q:25.8;H108Y:17.4
blaSHV	blaSHV-63	2009	2	17.24856185913086	0	0	0	D153E:17.2;S192N:23.9
blaSHV	blaSHV-64		4	8.464385032653809	0	0	0	L31Q:25.8;V71L:10.6;G234S:8.5;E235K:11.1
blaSHV	blaSHV-65	2000	1	10.323248863220215	0	0	0	A120T:10.3
blaSHV	blaSHV-66		4	8.464385032653809	0	0	0	L31Q:25.8;E60Q:18.5;G234S:8.5;E235K:11.1
blaSHV	blaSHV-67		2	20.466745376586914	0	0	0	L31Q:25.8;R57C:20.5
blaSHV	blaSHV-69	2005	2	22.592164993286133	0	0	0	L31Q:25.8;A110T:22.6
blaSHV	blaSHV-71	2001	2	16.711450576782227	0	0	0	H108Y:17.4;A142V:16.7
blaSHV	blaSHV-72		3	4.340297698974609	1	0	0	I4F:;A142V:16.7;K230R:4.3
blaSHV	blaSHV-73		2	4.340297698974609	1	0	0	A142V:16.7;K230R:4.3
blaSHV	blaSHV-74		2	25.75250816345215	0	0	0	A18T:;L31Q:25.8
blaSHV	blaSHV-77	2005	2	10.570012092590332	0	0	0	L31Q:25.8;V71A:10.6
blaSHV	blaSHV-78	2012	1	25.69523048400879	0	0	0	G50S:25.7
blaSHV	blaSHV-79		2	12.59027099609375	0	0	0	L31Q:25.8;A168V:12.6
blaSHV	blaSHV-8	2002	1	11.19934368133545	0	0	0	D175N:11.2
blaSHV	blaSHV-81		2	15.42619800567627	0	0	0	L31Q:25.8;G140S:15.4
blaSHV	blaSHV-82	2017	3	25.75250816345215	0	0	0	I4V:;A21T:;L31Q:25.8
blaSHV	blaSHV-85	2010	2	25.75250816345215	0	0	0	L15M:;L31Q:25.8
blaSHV	blaSHV-86		4	8.464385032653809	0	0	0	Y3F:;L31Q:25.8;G234S:8.5;E235R:11.1
blaSHV	blaSHV-93	2012	3	15.441034317016602	0	0	0	L31Q:25.8;A75T:15.4;G152D:22.6
blaSHV	blaSHV-94		2	14.488337516784668	0	0	0	L31Q:25.8;D97H:14.5
blaSHV	blaSHV-95		1	19.242067337036133	0	0	0	S199L:19.2
blaSHV	blaSHV-96	2025	2	9.152181625366211	0	0	0	L31Q:25.8;D210A:9.2
blaSHV	blaSHV-97		2	11.110058784484863	0	0	0	E235K:11.1;T262S:17.0
blaSHV	blaSHV-98		1	17.40234375	0	0	0	S265I:17.4
blaSHV	blaSHV-99	2012	1	8.879440307617188	0	0	0	D100G:8.9
blaSHV	blaSHV-240	2010	2	4.474154949188232	1	0	0	L31Q:25.8;M65I:4.5
blaSHV	blaSHV-207	2011	1	14.488337516784668	0	0	0	D97H:14.5
blaSHV	blaSHV-244	2010	4	8.464385032653809	0	0	0	Y3F:;L31Q:25.8;G234S:8.5;E235K:11.1
blaSHV	blaSHV-253	2007	2	25.75250816345215	0	0	0	Y3H:;L31Q:25.8
blaSHV	blaSHV-194	2011	1	23.922901153564453	0	0	0	S192N:23.9
blaSHV	blaSHV-195	2015	2	18.449451446533203	0	0	0	T14N:;P170S:18.4
blaSHV	blaSHV-196	1999	1	21.235107421875	0	0	0	G275E:21.2
blaSHV	blaSHV-171	2006	2		0	0	0	Y3F:;S10F:
blaSHV	blaSHV-197		1	8.56976318359375	0	0	0	S129G:8.6
blaSHV	blaSHV-254	2011	1	14.86624526977539	0	0	0	V208E:14.9
blaSHV	blaSHV-232	2012	2	16.21152687072754	0	0	0	L31Q:25.8;T137S:16.2
blaSHV	blaSHV-198	2016	3	16.711450576782227	0	0	0	I4F:;P25S:25.5;A142V:16.7
blaSHV	blaSHV-199	2023	1	14.919952392578125	0	0	0	P215S:14.9
blaSHV	blaSHV-200	2013	4	8.464385032653809	0	0	0	L31Q:25.8;G234S:8.5;E235K:11.1;A243D:13.8
blaSHV	blaSHV-203		3	4.474154949188232	1	0	0	L31Q:25.8;M65V:4.5;A110V:22.6
blaSHV	blaSHV-224	2010	2	14.180578231811523	0	0	0	L31Q:25.8;V76A:14.2
blaSHV	blaSHV-220	2007	3	11.761286735534668	0	0	0	Q193P:26.1;A197V:23.8;R211G:11.8
blaSHV	blaSHV-204	2005	3	16.711450576782227	0	0	0	G83D:26.5;H108Y:17.4;A142V:16.7
blaSHV	blaSHV-210	1900	1	11.761286735534668	0	0	0	R211L:11.8
blaSHV	blaSHV-116	1998	1	20.466745376586914	0	0	0	R57H:20.5
blaSHV	blaSHV-223	2013	1	22.570837020874023	0	0	0	G152S:22.6
blaSHV	blaSHV-201	2008	2	20.466745376586914	0	0	0	R57H:20.5;V80M:20.8
blaSHV	blaSHV-202	2009	1	18.492324829101562	0	0	0	L87R:18.5
blaSHV	blaSHV-205	2016	2	9.152181625366211	0	0	0	Y3F:;D210A:9.2
blaSHV	blaSHV-208		1	26.848072052001953	0	0	0	G224D:26.8
blaSHV	blaSHV-209	2008	2	17.941967010498047	0	0	0	L31Q:25.8;G139D:17.9
blaSHV	blaSHV-212	2021	1	20.782855987548828	0	0	0	V80M:20.8
blaSHV	blaSHV-213	2018	2	25.75250816345215	0	0	0	A13P:;L31Q:25.8
blaSHV	blaSHV-214	2013	1	10.323248863220215	0	0	0	A120V:10.3
blaSHV	blaSHV-215	2008	2	21.896480560302734	0	0	0	L31Q:25.8;R198H:21.9
blaSHV	blaSHV-216	2021	2	17.7748966217041	0	0	0	G143E:17.8;G152D:22.6
blaSHV	blaSHV-217	2014	1		0	0	0	P16S:
blaSHV	blaSHV-218	2018	2	14.893571853637695	0	0	0	L47P:21.5;V138F:14.9
blaSHV	blaSHV-219	2011	1	21.235107421875	0	0	0	G275R:21.2
blaSHV	blaSHV-221		2	21.599895477294922	0	0	0	C7S:;E44G:21.6
blaSHV	blaSHV-222		3	15.04201889038086	0	0	0	I4F:;A142V:16.7;L216M:15.0
blaSHV	blaSHV-225	2021	2	16.71470069885254	0	0	0	L31Q:25.8;T114S:16.7
blaSHV	blaSHV-226	2018	1	19.794111251831055	0	0	0	I276L:19.8
blaSHV	blaSHV-227	2019	1	19.036800384521484	0	0	0	A184V:19.0
blaSHV	blaSHV-228		2	17.40234375	0	0	0	L31Q:25.8;S265I:17.4
blaSHV	blaSHV-4	2021	3	8.464385032653809	0	0	0	R201L:19.7;G234S:8.5;E235K:11.1
blaSHV	blaSHV-115	2008	3	11.110058784484863	0	0	0	R57H:20.5;E235K:11.1;E268K:18.9
blaSHV	blaSHV-175	2014	1	17.440616607666016	0	0	0	H108Y:17.4
blaSHV	blaSHV-229	2017	2	22.121313095092773	0	0	0	L31Q:25.8;E88K:22.1
blaSHV	blaSHV-242	2010	2	3.011085271835327	1	0	0	S126R:3.0;G152D:22.6
blaSHV	blaSHV-230	2018	4	8.464385032653809	0	0	0	A18P:;L31Q:25.8;G234S:8.5;E235K:11.1
blaSHV	blaSHV-231	2022	4	4.340297698974609	1	0	0	K230R:4.3;A233G:6.1;G234S:8.5;E235K:11.1
blaSHV	blaSHV-233		2	3.011085271835327	1	0	0	S126G:3.0;G234S:8.5
blaSHV	blaSHV-234	2017	2	4.474154949188232	1	0	0	M65L:4.5;G152D:22.6
blaSHV	blaSHV-235	2012	1	20.083637237548828	0	0	0	G171A:20.1
blaSHV	blaSHV-236	2017	2	13.831168174743652	0	0	0	L31Q:25.8;R174H:13.8
blaSHV	blaSHV-237	2018	2	16.711450576782227	0	0	0	A142V:16.7;D172E:16.8
blaSHV	blaSHV-238	2021	4	4.340297698974609	1	0	0	L31Q:25.8;K230R:4.3;G234S:8.5;E235K:11.1
blaSHV	blaSHV-239	2018	2	4.474154949188232	1	0	0	M65I:4.5;G152D:22.6
blaSHV	blaSHV-241		2	4.474154949188232	1	0	0	M65I:4.5;R236Q:14.7
blaSHV	blaSHV-243	2018	2	9.903351783752441	0	0	0	W161R:9.9;L204M:16.1
blaSHV	blaSHV-19	2017	1	15.41179370880127	0	0	0	L169F:15.4
blaSHV	blaSHV-245		6	4.340297698974609	1	0	0	L31Q:25.8;K230R:4.3;G234S:8.5;E235K:11.1;R269L:12.8;N270D:13.5
blaSHV	blaSHV-6	2017	1	11.19934368133545	0	0	0	D175A:11.2
blaSHV	blaSHV-84	2015	1	4.340297698974609	1	0	0	K230R:4.3
blaSHV	blaSHV-248	2017	2	18.5423641204834	0	0	0	L31Q:25.8;R94S:18.5
blaSHV	blaSHV-246		4	8.464385032653809	0	0	0	L31Q:25.8;L36P:19.1;G234S:8.5;E235K:11.1
blaSHV	blaSHV-247		3	8.464385032653809	0	0	0	A48T:25.8;G234S:8.5;E235K:11.1
blaSHV	blaSHV-249		2	19.794111251831055	0	0	0	Y3F:;I276L:19.8
blaSHV	blaSHV-250	2022	2	5.39422082901001	1	1	0	Y3F:;G232E:5.4
blaSHV	blaSHV-251		3	16.711450576782227	0	0	0	I4F:;A142V:16.7;E282K:28.1
blaSHV	blaSHV-252		5	4.474154949188232	1	0	0	T14A:;L31Q:25.8;M65I:4.5;T137I:16.2;A233D:6.1
blaSHV	blaSHV-255	2005	1	16.21152687072754	0	0	0	T137I:16.2
blaSHV	blaSHV-256		1		0	0	0	Y3F:
blaSHV	blaSHV-257		5	13.346024513244629	0	0	0	L31Q:25.8;N248D:28.5;L259M:13.3;W284E:24.2;R286G:31.0
blaNDM	blaNDM-5	1905	2	8.808964729309082	0	0	0	V88L:15.1;M154L:8.8
blaNDM	blaNDM-8		2	8.808964729309082	0	0	0	D130G:17.1;M154L:8.8
blaNDM	blaNDM-3	2013	1	15.416489601135254	0	0	0	D95N:15.4
blaNDM	blaNDM-6	2010	1	14.403464317321777	0	0	0	A233V:14.4
blaNDM	blaNDM-7	2011	2	8.808964729309082	0	0	0	D130N:17.1;M154L:8.8
blaNDM	blaNDM-9	2013	1	7.764479160308838	1	0	0	E152K:7.8
blaNDM	blaNDM-10		5	6.3806562423706055	1	0	0	R32S:;G36D:;G69S:15.9;A74T:6.4;G200R:25.3
blaNDM	blaNDM-11		1	8.808964729309082	0	0	0	M154V:8.8
blaNDM	blaNDM-12	2013	2	8.566895484924316	0	0	0	M154L:8.8;G222D:8.6
blaNDM	blaNDM-13	1984	2	8.808964729309082	0	0	0	D95N:15.4;M154L:8.8
blaNDM	blaNDM-14	2021	1	17.12379264831543	0	0	0	D130G:17.1
blaNDM	blaNDM-15	2013	2	8.808964729309082	0	0	0	M154L:8.8;A233V:14.4
blaNDM	blaNDM-2		1		0	0	0	P28A:
blaNDM	blaNDM-4	2011	1	8.808964729309082	0	0	0	M154L:8.8
blaNDM	blaNDM-17	2018	3	8.808964729309082	0	0	0	V88L:15.1;M154L:8.8;E170K:21.8
blaNDM	blaNDM-18	2023	0		0	0	0	
blaNDM	blaNDM-19	2016	3	8.808964729309082	0	0	0	D130N:17.1;M154L:8.8;A233V:14.4
blaNDM	blaNDM-21	2014	3	8.808964729309082	0	0	0	G69S:15.9;V88L:15.1;M154L:8.8
blaNDM	blaNDM-20	2015	3	8.808964729309082	0	0	0	V88L:15.1;M154L:8.8;R270H:15.7
blaNDM	blaNDM-22		1	7.753434181213379	1	0	0	M248L:7.8
blaNDM	blaNDM-23	2016	1	13.946392059326172	0	0	0	I101L:13.9
blaNDM	blaNDM-24	2015	1	15.11491870880127	0	0	0	V88L:15.1
blaNDM	blaNDM-27	2015	2	14.403464317321777	0	0	0	D95N:15.4;A233V:14.4
blaNDM	blaNDM-28		1	14.595181465148926	0	0	0	A266V:14.6
blaNDM	blaNDM-25	2018	1	21.91979217529297	0	0	0	A55S:21.9
blaNDM	blaNDM-26	2023	3	8.566895484924316	0	0	0	V88L:15.1;M154L:8.8;G222S:8.6
blaNDM	blaNDM-29	2016	1	17.12379264831543	0	0	0	D130N:17.1
blaNDM	blaNDM-87		2	11.733753204345703	0	0	0	F70Y:12.3;A72V:11.7
blaNDM	blaNDM-30		1	6.43906307220459	1	0	0	D223Y:6.4
blaNDM	blaNDM-31		1	24.591346740722656	0	0	0	P171T:24.6
blaNDM	blaNDM-36	2020	4	8.808964729309082	0	0	0	V88L:15.1;M154L:8.8;A233V:14.4;H261Y:15.4
blaNDM	blaNDM-37	2020	3	8.808964729309082	0	0	0	V88L:15.1;M154L:8.8;H261Y:15.4
blaNDM	blaNDM-34		3	15.11491870880127	0	0	0	L49M:15.8;L54I:16.3;V88L:15.1
blaNDM	blaNDM-35	2021	3	8.808964729309082	0	0	0	G84D:28.9;V88L:15.1;M154L:8.8
blaNDM	blaNDM-38		1		0	0	0	M27V:
blaNDM	blaNDM-39	2018	3	8.808964729309082	0	0	0	P4L:;V88L:15.1;M154L:8.8
blaNDM	blaNDM-40		1		0	0	0	P4R:
blaNDM	blaNDM-33	2019	3	8.808964729309082	0	0	0	A72T:11.7;V88L:15.1;M154L:8.8
blaNDM	blaNDM-41	2021	3	8.808964729309082	0	0	0	L13V:;V88L:15.1;M154L:8.8
blaNDM	blaNDM-42		1		0	0	0	P28L:
blaNDM	blaNDM-43		2	15.303309440612793	0	0	0	D254N:15.3;D267N:17.7
blaNDM	blaNDM-44		1	17.69986915588379	0	0	0	D267N:17.7
blaNDM	blaNDM-45	2025	3	8.808964729309082	0	0	0	V88L:15.1;D130A:17.1;M154L:8.8
blaNDM	blaNDM-46		3	8.808964729309082	0	0	0	A18V:;V88L:15.1;M154L:8.8
blaNDM	blaNDM-47		1	12.54788875579834	0	0	0	Q151L:12.5
blaNDM	blaNDM-48	2019	3	8.808964729309082	0	0	0	P28H:;V88L:15.1;M154L:8.8
blaNDM	blaNDM-49		3	8.808964729309082	0	0	0	V88L:15.1;M154L:8.8;P179R:22.0
blaNDM	blaNDM-50	2022	3	8.808964729309082	0	1	1	M22I:;D130N:17.1;M154L:8.8
blaNDM	blaNDM-51	2023	3	8.808964729309082	0	0	0	V88L:15.1;M154L:8.8;A252D:12.3
blaNDM	blaNDM-52		1	17.12379264831543	0	0	0	D130A:17.1
blaNDM	blaNDM-53		3	8.808964729309082	0	0	0	R32H:;V88L:15.1;M154L:8.8
blaNDM	blaNDM-54		1		0	0	0	R32L:
blaNDM	blaNDM-55	2021	3	8.808964729309082	0	0	0	V88L:15.1;A99T:18.0;M154L:8.8
blaNDM	blaNDM-57	2022	3	8.808964729309082	0	0	0	E2G:;V88L:15.1;M154L:8.8
blaNDM	blaNDM-56	2020	7	8.808964729309082	0	0	0	N57T:22.0;L87R:18.4;V88L:15.1;M154L:8.8;K242Q:23.4;D254E:15.3;K268T:19.4
blaNDM	blaNDM-58		1	12.616592407226562	0	0	0	P185S:12.6
blaNDM	blaNDM-60	2023	3	8.808964729309082	0	0	0	V88L:15.1;M154L:8.8;D202N:20.4
blaNDM	blaNDM-61	2022	2	14.403464317321777	0	0	0	D130G:17.1;A233V:14.4
blaNDM	blaNDM-66	2018	3	8.808964729309082	0	0	0	I79L:16.0;V88L:15.1;M154L:8.8
blaNDM	blaNDM-64		1		0	0	0	A20V:
blaNDM	blaNDM-65		1	8.566895484924316	0	0	0	G222S:8.6
blaNDM	blaNDM-67	2022	3	8.808964729309082	0	0	0	A72V:11.7;V88L:15.1;M154L:8.8
blaNDM	blaNDM-68	2023	3	8.808964729309082	0	0	0	V88L:15.1;I109L:23.1;M154L:8.8
blaNDM	blaNDM-69		1		0	0	0	E2K:
blaNDM	blaNDM-70		3	8.727789878845215	0	0	0	V88L:15.1;M154L:8.8;G206A:8.7
blaNDM	blaNDM-71		1	27.313274383544922	0	0	0	N110D:27.3
blaNDM	blaNDM-72		3	8.808964729309082	0	0	0	S24N:;V88L:15.1;M154L:8.8
blaNDM	blaNDM-73		1		0	0	0	T15S:
blaNDM	blaNDM-74		2	7.764479160308838	1	0	0	D130A:17.1;E152K:7.8
blaNDM	blaNDM-75		4	2.2884268760681152	1	0	0	V88L:15.1;Q123L:6.2;D124H:2.3;M154L:8.8
blaNDM	blaNDM-76		3	8.808964729309082	0	0	0	D43G:17.4;D130N:17.1;M154L:8.8
blaNDM	blaNDM-77		1	2.107966423034668	1	0	0	H122Q:2.1
blaNDM	blaNDM-78		6	7.753434181213379	1	0	0	V88L:15.1;M154L:8.8;A238S:20.6;I246N:13.7;M248I:7.8;A252S:12.3
blaNDM	blaNDM-98	2026	3	8.808964729309082	0	0	0	P9S:;V88L:15.1;M154L:8.8
blaNDM	blaNDM-59	2018	3	7.764479160308838	1	0	0	D130N:17.1;E152K:7.8;M154L:8.8
blaNDM	blaNDM-63	2023	2	11.733753204345703	0	0	0	G69S:15.9;A72H:11.7
blaNDM	blaNDM-79		2	8.808964729309082	0	0	0	D130A:17.1;M154L:8.8
blaNDM	blaNDM-82		1		0	0	0	M22I:
blaNDM	blaNDM-83		3	8.808964729309082	0	0	0	V88L:15.1;M154L:8.8;R264C:18.0
blaNDM	blaNDM-84	2026	3	8.808964729309082	0	0	0	R81M:22.4;V88L:15.1;M154L:8.8
blaNDM	blaNDM-80	2021	3	8.808964729309082	0	0	0	V88L:15.1;D130N:17.1;M154L:8.8
blaNDM	blaNDM-85		2	7.764479160308838	1	0	0	E152K:7.8;M154L:8.8
blaNDM	blaNDM-86		3	8.808964729309082	0	0	0	A55T:21.9;V88L:15.1;M154L:8.8
blaNDM	blaNDM-88		4	8.808964729309082	0	0	0	M7I:;S24G:;V88L:15.1;M154L:8.8
blaNDM	blaNDM-81		3	8.566895484924316	0	0	0	V88L:15.1;M154L:8.8;G222A:8.6
blaNDM	blaNDM-89		1	6.154842376708984	1	0	0	Q123Y:6.2
blaNDM	blaNDM-90	2026	3	8.808964729309082	0	0	0	E2A:;V88L:15.1;M154L:8.8
blaNDM	blaNDM-91	2022	3	8.808964729309082	0	0	0	G83D:27.7;V88L:15.1;M154L:8.8
blaNDM	blaNDM-92		3	8.808964729309082	0	0	0	G84S:28.9;V88L:15.1;M154L:8.8
blaNDM	blaNDM-93	2023	3	7.764479160308838	1	0	0	V88L:15.1;E152K:7.8;M154L:8.8
blaNDM	blaNDM-94	2018	3	8.808964729309082	0	0	0	V88L:15.1;M154L:8.8;L161R:16.0
blaNDM	blaNDM-95		1	17.61974334716797	0	0	0	P68L:17.6
blaNDM	blaNDM-96	2026	3	8.638351440429688	0	0	0	V88L:15.1;M154L:8.8;S191I:8.6
blaNDM	blaNDM-97		1	12.160652160644531	0	0	0	A149S:12.2
blaNDM	blaNDM-99		3	8.808964729309082	0	0	0	V88L:15.1;M154L:8.8;R234S:17.0
blaIMP	blaIMP-8	1999	35	6.72050142288208	1	0	0	S2K:;S5F:;F7L:;F8C:;I9V:;F10C:;L11F:;F12L:;A16T:;T17A:;A19G:;E20A:;S21A:;D31E:21.5;P50S:6.7;A60T:27.7;E61D:24.2;K72T:17.5;T79N:21.9;S91T:15.7;R110Q:23.1;T133K:18.8;N140S:20.4;P159Q:8.5;R169K:22.8;I178V:8.4;Y181D:13.6;I191L:13.2;L200I:18.8;K202M:18.7;P213S:8.1;V218I:14.1;L226R:16.3;L228W:16.6;K243Q:
blaIMP	blaIMP-4	2002	10	9.78093433380127	0	0	0	S21P:;N59D:27.8;R110Q:23.1;T133K:18.8;S137G:19.0;V162L:9.8;I191L:13.2;K202I:18.7;V218A:14.1;P244L:
blaIMP	blaIMP-9		34	4.3074116706848145	1	0	0	S5F:;I9M:;A16T:;T17A:;A19G:;V49I:7.1;A60T:27.7;E61D:24.2;K76N:19.0;T79N:21.9;K87R:24.6;R110Q:23.1;T133K:18.8;N134Y:18.0;N140S:20.4;N146K:25.8;T158A:4.3;R169N:22.8;K170R:20.5;I171V:17.0;I178V:8.4;I191L:13.2;K202M:18.7;G206S:21.9;E217D:12.3;V218I:14.1;A221S:19.1;L228W:16.6;A231T:14.8;L235F:17.5;K243T:;P244T:;S245A:;N246H:
blaIMP	blaIMP-31		49	6.5431132316589355	1	0	0	S2K:;L4I:;S5F:;F7L:;I9V:;A16T:;T17A:;A19G:;L25I:13.7;G33D:21.7;E42K:11.9;V43I:8.5;N44T:12.6;V49I:7.1;P50T:6.7;A60T:27.7;E61D:24.2;L64I:14.6;T79R:21.9;E83G:26.9;T101A:8.6;R110Q:23.1;E118K:15.5;D127N:10.9;K129N:10.7;V130A:14.5;T133E:18.8;N140S:20.4;N146H:25.8;P159Q:8.5;R169K:22.8;Y181D:13.6;N185Y:6.5;I191L:13.2;K199E:18.1;L200T:18.8;K202M:18.7;K207N:23.1;P213S:8.1;V218I:14.1;D220G:18.0;L226R:16.3;L228W:16.6;N236K:20.2;K240N:;P241H:;S242H:;K243S:;N246K:
blaIMP	blaIMP-10		1	7.117912769317627	1	0	0	V49F:7.1
blaIMP	blaIMP-19	2015	36	6.72050142288208	1	0	0	S2K:;S5F:;F7L:;F8C:;I9V:;F10C:;L11F:;F12L:;A16T:;T17A:;A19G:;E20A:;S21A:;D31E:21.5;P50S:6.7;A60T:27.7;E61D:24.2;K72T:17.5;T79N:21.9;S91T:15.7;R110Q:23.1;T133K:18.8;N140S:20.4;P159Q:8.5;R169K:22.8;I178V:8.4;Y181D:13.6;I191L:13.2;L200I:18.8;K202M:18.7;G206V:21.9;P213S:8.1;V218I:14.1;L226R:16.3;L228W:16.6;K243Q:
blaIMP	blaIMP-6	2000	1	4.495397567749023	1	0	0	S214G:4.5
blaIMP	blaIMP-34	2006	1	16.390439987182617	0	0	0	E105G:16.4
blaIMP	blaIMP-14	2012	46	6.3888115882873535	1	0	0	S2K:;S5F:;F7L:;F8C:;I9V:;L11F:;S14N:;T17V:;A19E:;D31E:21.5;N44K:12.6;G47S:12.1;P50T:6.7;N59K:27.8;A60N:27.7;E61D:24.2;F69I:8.1;T79N:21.9;S94T:7.3;S98G:6.4;G102A:10.3;R110Q:23.1;G128N:15.6;T133K:18.8;N134H:18.0;S137N:19.0;N140S:20.4;W142S:22.1;V144I:22.6;P159Q:8.5;R169K:22.8;I178V:8.4;Y181D:13.6;N185Y:6.5;I191L:13.2;L200I:18.8;K202M:18.7;P213S:8.1;E217D:12.3;V218I:14.1;A221V:19.1;L226R:16.3;L228W:16.6;P241S:;K243Q:;N246D:
blaIMP	blaIMP-13		43	6.72050142288208	1	0	0	S2K:;S5F:;F7L:;F8C:;I9V:;F10C:;L11F:;A16T:;T17A:;A19G:;E20A:;S21A:;D31E:21.5;Y35F:16.0;P50T:6.7;A60T:27.7;E61D:24.2;K72T:17.5;T79N:21.9;K87E:24.6;S91T:15.7;R110Q:23.1;D127S:10.9;T133K:18.8;N134Y:18.0;G138E:18.2;N140S:20.4;P159Q:8.5;V162L:9.8;R169S:22.8;Y181H:13.6;I191L:13.2;L200I:18.8;K202M:18.7;P213S:8.1;V218K:14.1;L224M:15.8;L226R:16.3;L228W:16.6;V232L:17.5;N236K:20.2;P241T:;K243S:
blaIMP	blaIMP-26	2009	11	7.117912769317627	1	0	0	S21P:;V49F:7.1;N59D:27.8;R110Q:23.1;T133K:18.8;S137G:19.0;V162L:9.8;I191L:13.2;K202I:18.7;V218A:14.1;P244L:
blaIMP	blaIMP-18	2020	48	6.3888115882873535	1	1	0	S2K:;S5F:;F7L:;F8C:;I9V:;L11F:;F12L:;S14N:;T17A:;A19D:;E20D:;D31E:21.5;E32K:23.8;N44K:12.6;P50T:6.7;N59K:27.8;A60N:27.7;E61D:24.2;F69I:8.1;T79N:21.9;V82I:24.7;R84H:25.8;K87R:24.6;S94T:7.3;S98G:6.4;G102A:10.3;R110Q:23.1;P113S:19.7;G128N:15.6;N140S:20.4;W142S:22.1;V144I:22.6;P159Q:8.5;R169K:22.8;I178V:8.4;Y181D:13.6;I191L:13.2;L200I:18.8;K202M:18.7;P213S:8.1;V218I:14.1;D220N:18.0;K225Q:18.4;L226R:16.3;L228W:16.6;S242L:;K243Q:;N246S:
blaIMP	blaIMP-11	2011	35	6.72050142288208	1	0	0	S2K:;S5F:;F7L:;F8C:;A16T:;T17A:;A19G:;E20A:;D31E:21.5;P50S:6.7;A60T:27.7;E61D:24.2;T79N:21.9;R110Q:23.1;E118V:15.5;T133K:18.8;N140S:20.4;P159Q:8.5;E168K:24.7;R169N:22.8;I178V:8.4;G187D:8.8;I191V:13.2;K196H:17.7;K199E:18.1;L200K:18.8;K202I:18.7;K207N:23.1;E217D:12.3;V218I:14.1;L228W:16.6;K243N:;P244T:;S245V:;N246H:
blaIMP	blaIMP-12		43	4.495397567749023	1	0	0	S2K:;S5F:;F7L:;F8C:;C13L:;A16T:;T17A:;A18S:;A19G:;S21V:;D31E:21.5;V36L:13.3;N44S:12.6;P50T:6.7;A60N:27.7;E61D:24.2;A71N:15.5;T79A:21.9;E83G:26.9;Y86F:25.4;K87T:24.6;I92V:12.1;R110Q:23.1;D127N:10.9;N140S:20.4;V150I:15.2;P159Q:8.5;R169N:22.8;I178V:8.4;Y181D:13.6;G187D:8.8;I191L:13.2;E192K:15.7;L200I:18.8;K202M:18.7;P213S:8.1;S214G:4.5;V218I:14.1;D220N:18.0;L228W:16.6;N236K:20.2;S242L:;K243L:
blaIMP	blaIMP-15	2018	25	8.05898666381836	0	0	0	S2N:;I9M:;L11M:;A16T:;T17A:;A19G:;A60T:27.7;R110Q:23.1;T133K:18.8;V139G:18.4;N140S:20.4;K145N:25.8;R169N:22.8;K170R:20.5;I171V:17.0;I178V:8.4;I191L:13.2;L200I:18.8;K202M:18.7;P213S:8.1;V218T:14.1;D220N:18.0;L228W:16.6;N236K:20.2;K243L:
blaIMP	blaIMP-16		37	6.72050142288208	1	0	0	S2K:;S5F:;F7L:;F8C:;A16T:;T17A:;A19G:;D31E:21.5;E32D:23.8;P50T:6.7;V56F:18.0;A60T:27.7;E61D:24.2;T70A:12.2;T79N:21.9;T101S:8.6;R110Q:23.1;D127N:10.9;T133K:18.8;N140S:20.4;V144L:22.6;V150I:15.2;P159Q:8.5;R169K:22.8;I178V:8.4;G187D:8.8;I191V:13.2;K196H:17.7;K199E:18.1;L200I:18.8;K202M:18.7;K204R:20.7;K207N:23.1;E217D:12.3;L228W:16.6;N236K:20.2;K243Q:
blaIMP	blaIMP-17		43	6.72050142288208	1	0	0	S2K:;S5F:;F7L:;F8C:;I9V:;F10C:;L11F:;A16T:;T17A:;A19G:;E20A:;S21A:;D31E:21.5;Y35F:16.0;P50T:6.7;A60T:27.7;E61D:24.2;K72T:17.5;T79N:21.9;K87E:24.6;S91T:15.7;R110Q:23.1;D127S:10.9;T133K:18.8;N134Y:18.0;N140S:20.4;P159Q:8.5;V162L:9.8;R169S:22.8;K170E:20.5;Y181H:13.6;I191L:13.2;L200I:18.8;K202M:18.7;P213S:8.1;V218K:14.1;L224M:15.8;L226R:16.3;L228W:16.6;V232L:17.5;N236K:20.2;P241T:;K243S:
blaIMP	blaIMP-2		36	6.72050142288208	1	0	0	S2K:;S5F:;F7L:;F8C:;I9V:;F10C:;L11F:;F12L:;A16T:;T17A:;A19G:;E20A:;S21R:;D31E:21.5;P50S:6.7;A60T:27.7;E61D:24.2;K72T:17.5;T79N:21.9;S91T:15.7;R110Q:23.1;T133K:18.8;N140S:20.4;P159Q:8.5;R169K:22.8;I178V:8.4;Y181D:13.6;I191L:13.2;L200I:18.8;K202M:18.7;G206V:21.9;P213S:8.1;V218I:14.1;L226R:16.3;L228W:16.6;K243Q:
blaIMP	blaIMP-20		37	6.72050142288208	1	0	0	S2K:;S5F:;F7L:;F8C:;I9V:;F10C:;L11F:;F12L:;A16T:;T17A:;A19G:;E20A:;S21A:;D31E:21.5;V49F:7.1;P50S:6.7;A60T:27.7;E61D:24.2;K72T:17.5;T79N:21.9;S91T:15.7;R110Q:23.1;T133K:18.8;N140S:20.4;P159Q:8.5;R169K:22.8;I178V:8.4;Y181D:13.6;I191L:13.2;L200I:18.8;K202M:18.7;G206V:21.9;P213S:8.1;V218I:14.1;L226R:16.3;L228W:16.6;K243Q:
blaIMP	blaIMP-21		36	6.72050142288208	1	0	0	S2K:;S5F:;F7L:;F8C:;A16T:;T17A:;A19G:;E20A:;D31E:21.5;V49A:7.1;P50S:6.7;A60T:27.7;E61D:24.2;T79N:21.9;R110Q:23.1;E118V:15.5;T133K:18.8;N140S:20.4;P159Q:8.5;E168K:24.7;R169N:22.8;I178V:8.4;G187D:8.8;I191V:13.2;K196H:17.7;K199E:18.1;L200K:18.8;K202I:18.7;K207N:23.1;E217D:12.3;V218I:14.1;L228W:16.6;K243N:;P244T:;S245V:;N246H:
blaIMP	blaIMP-22	2013	36	6.72050142288208	1	0	0	S2K:;S5F:;F7L:;F8C:;I9V:;A16T:;T17A:;A19G:;D31E:21.5;P50S:6.7;V56I:18.0;A60T:27.7;E61D:24.2;R110Q:23.1;E122D:14.1;K126Q:11.7;D127N:10.9;T133K:18.8;N140S:20.4;P159Q:8.5;R169K:22.8;I178V:8.4;G187D:8.8;I191V:13.2;E192V:15.7;K196H:17.7;K199E:18.1;L200I:18.8;K202M:18.7;K204R:20.7;K207N:23.1;E217D:12.3;V218I:14.1;L228W:16.6;N236K:20.2;K243E:
blaIMP	blaIMP-23	2018	36	6.72050142288208	1	0	0	S2K:;S5F:;F7L:;F8C:;I9V:;F10C:;L11F:;F12L:;A16T:;T17A:;A19G:;E20A:;S21A:;D31E:21.5;V49F:7.1;P50S:6.7;A60T:27.7;E61D:24.2;K72T:17.5;T79N:21.9;S91T:15.7;R110Q:23.1;T133K:18.8;N140S:20.4;P159Q:8.5;R169K:22.8;I178V:8.4;Y181D:13.6;I191L:13.2;L200I:18.8;K202M:18.7;P213S:8.1;V218I:14.1;L226R:16.3;L228W:16.6;K243Q:
blaIMP	blaIMP-24		36	6.72050142288208	1	0	0	S2K:;S5F:;F7L:;F8C:;I9V:;F10C:;L11F:;F12L:;A16T:;T17A:;A19G:;E20A:;S21A:;D31E:21.5;P50S:6.7;A60T:27.7;E61D:24.2;K72T:17.5;T79N:21.9;S91T:15.7;R110Q:23.1;T133K:18.8;N140S:20.4;P159Q:8.5;R169K:22.8;I178V:8.4;Y181D:13.6;I191L:13.2;L200I:18.8;K202M:18.7;P213S:8.1;V218I:14.1;L226R:16.3;L228W:16.6;K239R:;K243Q:
blaIMP	blaIMP-25		2	4.495397567749023	1	0	0	G187S:8.8;S214G:4.5
blaIMP	blaIMP-27	2011	50	4.495397567749023	1	0	0	S2K:;S5F:;F7L:;F8C:;I9V:;L11V:;A16T:;T17V:;A19G:;S21T:;D24N:16.6;K26R:15.4;I27V:17.7;D31E:21.5;F40Y:11.1;N44K:12.6;P50T:6.7;V58I:24.0;N59G:27.8;E61D:24.2;T79N:21.9;S91T:15.7;I92V:12.1;R110Q:23.1;T133K:18.8;S137D:19.0;N140S:20.4;V144A:22.6;N146D:25.8;P159Q:8.5;R169K:22.8;K170E:20.5;I178V:8.4;Y181H:13.6;I191L:13.2;K196E:17.7;L200I:18.8;K202M:18.7;S203E:21.4;P213S:8.1;S214G:4.5;V218T:14.1;S222T:18.6;L223H:14.4;L226R:16.3;L228W:16.6;N236K:20.2;P241T:;S242L:;K243Q:
blaIMP	blaIMP-28		19	8.447453498840332	0	0	0	S5F:;I9M:;A16T:;T17A:;K29R:20.6;A60T:27.7;E83G:26.9;R110Q:23.1;T133K:18.8;S137G:19.0;N140S:20.4;R169N:22.8;K170R:20.5;I171V:17.0;I178V:8.4;I191L:13.2;K202M:18.7;L226R:16.3;Q230H:14.9
blaIMP	blaIMP-29		28	8.447453498840332	0	0	0	S5F:;F8L:;A16T:;T17A:;A60T:27.7;R110Q:23.1;D127G:10.9;T133K:18.8;N140S:20.4;N146K:25.8;R169N:22.8;K170R:20.5;I171V:17.0;I178V:8.4;G187D:8.8;I191V:13.2;K196H:17.7;K199E:18.1;L200I:18.8;K202M:18.7;K204R:20.7;K207N:23.1;E217D:12.3;V218I:14.1;D220N:18.0;L228W:16.6;N236K:20.2;K243Q:
blaIMP	blaIMP-3	2013	2	4.495397567749023	1	0	0	E105G:16.4;S214G:4.5
blaIMP	blaIMP-30		1	9.435452461242676	0	0	0	E41K:9.4
blaIMP	blaIMP-32		46	6.3888115882873535	1	0	0	S2K:;S5F:;F7L:;F8C:;I9V:;L11F:;S14N:;T17V:;A19E:;D31E:21.5;N44K:12.6;G47S:12.1;P50T:6.7;N59K:27.8;A60N:27.7;E61D:24.2;F69I:8.1;T79N:21.9;S94T:7.3;S98G:6.4;G102A:10.3;R110Q:23.1;G128N:15.6;T133K:18.8;N134H:18.0;S137Y:19.0;N140S:20.4;W142S:22.1;V144I:22.6;P159Q:8.5;R169K:22.8;I178V:8.4;Y181D:13.6;N185Y:6.5;I191L:13.2;L200I:18.8;K202M:18.7;P213S:8.1;E217D:12.3;V218I:14.1;A221V:19.1;L226R:16.3;L228W:16.6;P241S:;K243Q:;N246D:
blaIMP	blaIMP-33		41	6.72050142288208	1	0	0	S2K:;S5F:;F7L:;F8C:;I9V:;F10C:;L11F:;A16T:;T17A:;A19G:;E20S:;D31E:21.5;Y35F:16.0;P50T:6.7;A60T:27.7;E61D:24.2;K72T:17.5;T79N:21.9;S91T:15.7;R110Q:23.1;D127S:10.9;T133K:18.8;N134Y:18.0;G138E:18.2;N140S:20.4;P159Q:8.5;V162L:9.8;R169S:22.8;I178V:8.4;Y181H:13.6;I191L:13.2;L200I:18.8;K202M:18.7;P213S:8.1;V218K:14.1;L226R:16.3;L228W:16.6;V232L:17.5;N236K:20.2;P241T:;K243S:
blaIMP	blaIMP-35		44	6.5431132316589355	1	0	0	S2K:;L4I:;S5F:;F7L:;I9V:;A16T:;T17A:;A19G:;L25I:13.7;G33D:21.7;V43D:8.5;V49I:7.1;P50T:6.7;A60T:27.7;E61D:24.2;L64I:14.6;T79R:21.9;E83G:26.9;T101A:8.6;R110Q:23.1;E118K:15.5;D127N:10.9;K129N:10.7;V130A:14.5;T133E:18.8;N140S:20.4;N146H:25.8;P159Q:8.5;R169K:22.8;Y181D:13.6;N185Y:6.5;I191L:13.2;K199E:18.1;L200T:18.8;K202M:18.7;K207N:23.1;P213S:8.1;V218I:14.1;D220G:18.0;L226R:16.3;L228W:16.6;N236K:20.2;K243Q:;S245N:
blaIMP	blaIMP-37		45	6.72050142288208	1	0	0	S2K:;S5F:;F7L:;F8C:;I9V:;F10C:;L11F:;A16T:;T17A:;A19G:;E20A:;S21A:;D31E:21.5;Y35F:16.0;P50T:6.7;A60T:27.7;E61D:24.2;K72T:17.5;T79N:21.9;K87E:24.6;S91T:15.7;R110Q:23.1;D127S:10.9;T133K:18.8;N134Y:18.0;G138E:18.2;N140S:20.4;P159Q:8.5;V162L:9.8;R169S:22.8;Y181H:13.6;I191L:13.2;L200I:18.8;K202M:18.7;P213S:8.1;V218K:14.1;L224M:15.8;L226R:16.3;L228W:16.6;V232L:17.5;N236K:20.2;P241T:;K243S:;P244Q:;N246S:
blaIMP	blaIMP-38	2011	11	4.495397567749023	1	0	0	S21P:;N59D:27.8;R110Q:23.1;T133K:18.8;S137G:19.0;V162L:9.8;I191L:13.2;K202I:18.7;S214G:4.5;V218A:14.1;P244L:
blaIMP	blaIMP-40		2	7.117912769317627	1	0	0	V49F:7.1;F69S:8.1
blaIMP	blaIMP-41		36	6.72050142288208	1	0	0	S2K:;S5F:;F7L:;F8C:;A16T:;T17A:;A19G:;E20A:;D31E:21.5;V49F:7.1;P50S:6.7;A60T:27.7;E61D:24.2;T79N:21.9;R110Q:23.1;E118V:15.5;T133K:18.8;N140S:20.4;P159Q:8.5;E168K:24.7;R169N:22.8;I178V:8.4;G187D:8.8;I191V:13.2;K196H:17.7;K199E:18.1;L200K:18.8;K202I:18.7;K207N:23.1;E217D:12.3;V218I:14.1;L228W:16.6;K243N:;P244T:;S245V:;N246H:
blaIMP	blaIMP-42		1	14.005924224853516	0	0	0	G45R:14.0
blaIMP	blaIMP-43		23	7.117912769317627	1	0	0	S2K:;I9M:;T17A:;A18S:;A19G:;S21A:;V49F:7.1;A60T:27.7;E61D:24.2;R110Q:23.1;T133K:18.8;V139A:18.4;N140S:20.4;N146K:25.8;V150I:15.2;R169H:22.8;K170R:20.5;I171V:17.0;I178V:8.4;I191L:13.2;K202V:18.7;L226R:16.3;P241L:
blaIMP	blaIMP-44		37	6.72050142288208	1	0	0	S2K:;S5F:;F7L:;F8C:;A16T:;T17A:;A19G:;E20A:;D31E:21.5;V49F:7.1;P50S:6.7;A60T:27.7;E61D:24.2;F69S:8.1;T79N:21.9;R110Q:23.1;E118V:15.5;T133K:18.8;N140S:20.4;P159Q:8.5;E168K:24.7;R169N:22.8;I178V:8.4;G187D:8.8;I191V:13.2;K196H:17.7;K199E:18.1;L200K:18.8;K202I:18.7;K207N:23.1;E217D:12.3;V218I:14.1;L228W:16.6;K243N:;P244T:;S245V:;N246H:
blaIMP	blaIMP-45		35	4.3074116706848145	1	0	0	S5F:;I9M:;A16T:;T17A:;A19G:;V49I:7.1;A60T:27.7;E61D:24.2;K76N:19.0;T79N:21.9;K87R:24.6;R110Q:23.1;T133K:18.8;N134Y:18.0;N140S:20.4;N146K:25.8;T158A:4.3;R169N:22.8;K170R:20.5;I171V:17.0;I178V:8.4;I191L:13.2;K202M:18.7;G206S:21.9;S214G:4.5;E217D:12.3;V218I:14.1;A221S:19.1;L228W:16.6;A231T:14.8;L235F:17.5;K243T:;P244T:;S245A:;N246H:
blaIMP	blaIMP-48		46	6.3888115882873535	1	0	0	S2K:;S5F:;F7L:;F8C:;I9V:;L11F:;S14N:;T17V:;A19E:;D31E:21.5;N44K:12.6;G47S:12.1;P50T:6.7;N59K:27.8;A60N:27.7;E61D:24.2;F69T:8.1;T79N:21.9;S94T:7.3;S98G:6.4;G102A:10.3;R110Q:23.1;G128N:15.6;T133K:18.8;N134H:18.0;S137N:19.0;N140S:20.4;W142S:22.1;V144I:22.6;P159Q:8.5;R169K:22.8;I178V:8.4;Y181D:13.6;N185Y:6.5;I191L:13.2;L200I:18.8;K202M:18.7;P213S:8.1;E217D:12.3;V218I:14.1;A221V:19.1;L226R:16.3;L228W:16.6;P241S:;K243Q:;N246D:
blaIMP	blaIMP-49		49	6.3888115882873535	1	0	0	S2K:;S5F:;F7L:;F8C:;I9V:;L11F:;F12L:;S14N:;T17A:;A19D:;E20D:;D31E:21.5;E32K:23.8;N44K:12.6;V49F:7.1;P50T:6.7;N59K:27.8;A60N:27.7;E61D:24.2;F69I:8.1;T79N:21.9;V82I:24.7;R84H:25.8;K87R:24.6;S94T:7.3;S98G:6.4;G102A:10.3;R110Q:23.1;P113S:19.7;G128N:15.6;N140S:20.4;W142S:22.1;V144I:22.6;P159Q:8.5;R169K:22.8;I178V:8.4;Y181D:13.6;I191L:13.2;L200I:18.8;K202M:18.7;P213S:8.1;V218I:14.1;D220N:18.0;K225Q:18.4;L226R:16.3;L228W:16.6;S242L:;K243Q:;N246S:
blaIMP	blaIMP-5		17	8.447453498840332	0	0	0	S5F:;I9M:;A16T:;T17A:;A60T:27.7;R110Q:23.1;T133K:18.8;V139A:18.4;N140S:20.4;N146K:25.8;R169N:22.8;K170R:20.5;I171V:17.0;I178V:8.4;I191V:13.2;K202M:18.7;L226R:16.3
blaIMP	blaIMP-51		23	4.495397567749023	1	0	0	S2K:;I9M:;T17A:;A18S:;A19G:;S21A:;A60T:27.7;E61D:24.2;R110Q:23.1;T133K:18.8;V139A:18.4;N140S:20.4;N146K:25.8;V150I:15.2;R169H:22.8;K170R:20.5;I171V:17.0;I178V:8.4;I191L:13.2;K202V:18.7;S214G:4.5;L226R:16.3;P241L:
blaIMP	blaIMP-52		2	14.59811782836914	0	0	0	L64I:14.6;V78G:19.2
blaIMP	blaIMP-53		36	4.3074116706848145	1	0	0	S5F:;I9M:;A16T:;T17A:;A19G:;V49I:7.1;A60T:27.7;E61D:24.2;K76N:19.0;T79N:21.9;K87R:24.6;R110Q:23.1;T133K:18.8;N134Y:18.0;N140S:20.4;N146K:25.8;P155S:11.5;T158A:4.3;R169N:22.8;K170R:20.5;I171V:17.0;I178V:8.4;I191L:13.2;K202M:18.7;G206S:21.9;S214G:4.5;E217D:12.3;V218I:14.1;A221S:19.1;L228W:16.6;A231T:14.8;L235F:17.5;K243T:;P244T:;S245A:;N246H:
blaIMP	blaIMP-54		46	6.3888115882873535	1	0	0	S2K:;S5F:;F7L:;F8C:;I9V:;L11F:;S14N:;T17V:;A19E:;D31E:21.5;N44K:12.6;G47S:12.1;P50T:6.7;N59K:27.8;A60N:27.7;E61D:24.2;F69V:8.1;T79N:21.9;S94T:7.3;S98G:6.4;G102A:10.3;R110Q:23.1;G128N:15.6;T133K:18.8;N134H:18.0;S137N:19.0;N140S:20.4;W142S:22.1;V144I:22.6;P159Q:8.5;R169K:22.8;I178V:8.4;Y181D:13.6;N185Y:6.5;I191L:13.2;L200I:18.8;K202M:18.7;P213S:8.1;E217D:12.3;V218I:14.1;A221V:19.1;L226R:16.3;L228W:16.6;P241S:;K243Q:;N246D:
blaIMP	blaIMP-55		5	6.5431132316589355	1	0	0	F12I:;D31E:21.5;E41K:9.4;L172F:13.9;N185K:6.5
blaIMP	blaIMP-56		49	4.495397567749023	1	0	0	S2K:;S5F:;F7L:;F8C:;I9V:;L11F:;F12L:;S14N:;T17A:;A19D:;E20D:;D31E:21.5;E32K:23.8;N44K:12.6;P50T:6.7;N59K:27.8;A60N:27.7;E61D:24.2;F69I:8.1;T79N:21.9;V82I:24.7;R84H:25.8;K87R:24.6;S94T:7.3;S98G:6.4;G102A:10.3;R110Q:23.1;P113S:19.7;G128N:15.6;N140S:20.4;W142S:22.1;V144I:22.6;P159Q:8.5;R169K:22.8;I178V:8.4;Y181D:13.6;I191L:13.2;L200I:18.8;K202M:18.7;P213S:8.1;S214G:4.5;V218I:14.1;D220N:18.0;K225Q:18.4;L226R:16.3;L228W:16.6;S242L:;K243Q:;N246S:
blaIMP	blaIMP-58		37	6.72050142288208	1	0	0	S2K:;S5F:;F7L:;F8C:;I9V:;A16T:;T17A:;A19G:;D31E:21.5;V49F:7.1;P50S:6.7;V56I:18.0;A60T:27.7;E61D:24.2;R110Q:23.1;E122D:14.1;K126Q:11.7;D127N:10.9;T133K:18.8;N140S:20.4;P159Q:8.5;R169K:22.8;I178V:8.4;G187D:8.8;I191V:13.2;E192V:15.7;K196H:17.7;K199E:18.1;L200I:18.8;K202M:18.7;K204R:20.7;K207N:23.1;E217D:12.3;V218I:14.1;L228W:16.6;N236K:20.2;K243E:
blaIMP	blaIMP-7		22	8.447453498840332	0	0	0	S2K:;I9M:;T17A:;A18S:;A19G:;S21A:;A60T:27.7;E61D:24.2;R110Q:23.1;T133K:18.8;V139A:18.4;N140S:20.4;N146K:25.8;V150I:15.2;R169H:22.8;K170R:20.5;I171V:17.0;I178V:8.4;I191L:13.2;K202V:18.7;L226R:16.3;P241L:
blaIMP	blaIMP-60		1	24.743276596069336	0	0	0	E168K:24.7
blaIMP	blaIMP-61		1	19.1106014251709	0	0	0	N108I:19.1
blaIMP	blaIMP-62		26	4.495397567749023	1	0	0	S2N:;I9M:;L11M:;A16T:;T17A:;A19G:;A60T:27.7;R110Q:23.1;T133K:18.8;V139G:18.4;N140S:20.4;K145N:25.8;R169N:22.8;K170R:20.5;I171V:17.0;I178V:8.4;I191L:13.2;L200I:18.8;K202M:18.7;P213S:8.1;S214G:4.5;V218T:14.1;D220N:18.0;L228W:16.6;N236K:20.2;K243L:
blaIMP	blaIMP-63		42	6.72050142288208	1	0	0	S2K:;S5F:;F7L:;F8C:;C13L:;A16T:;T17A:;A18S:;A19G:;S21V:;D31E:21.5;V36L:13.3;N44S:12.6;P50T:6.7;A60N:27.7;E61D:24.2;A71N:15.5;T79A:21.9;E83G:26.9;Y86F:25.4;K87T:24.6;I92V:12.1;R110Q:23.1;D127N:10.9;N140S:20.4;V150I:15.2;P159Q:8.5;R169N:22.8;I178V:8.4;Y181D:13.6;G187D:8.8;I191L:13.2;E192K:15.7;L200I:18.8;K202M:18.7;P213S:8.1;V218I:14.1;D220N:18.0;L228W:16.6;N236K:20.2;S242L:;K243L:
blaIMP	blaIMP-64	2015	49	4.495397567749023	1	0	0	S2K:;S5F:;F7L:;F8C:;I9V:;L11V:;A16T:;T17V:;S21T:;D24N:16.6;K26R:15.4;I27V:17.7;D31E:21.5;F40Y:11.1;N44K:12.6;P50T:6.7;V58I:24.0;N59G:27.8;E61D:24.2;T79N:21.9;S91T:15.7;I92V:12.1;R110Q:23.1;T133K:18.8;S137D:19.0;N140S:20.4;V144A:22.6;N146D:25.8;P159Q:8.5;R169K:22.8;K170E:20.5;I178V:8.4;Y181H:13.6;I191L:13.2;K196E:17.7;L200I:18.8;K202M:18.7;S203E:21.4;P213S:8.1;S214G:4.5;V218T:14.1;S222T:18.6;L223H:14.4;L226R:16.3;L228W:16.6;N236K:20.2;P241T:;S242L:;K243Q:
blaIMP	blaIMP-91		47	6.3888115882873535	1	0	0	S2K:;S5F:;F7L:;F8C:;I9V:;L11F:;S14N:;T17V:;A19E:;D31E:21.5;V43A:8.5;N44K:12.6;G47S:12.1;P50T:6.7;N59K:27.8;A60N:27.7;E61D:24.2;F69I:8.1;T79N:21.9;S94T:7.3;S98G:6.4;G102A:10.3;R110Q:23.1;G128N:15.6;T133K:18.8;N134H:18.0;S137N:19.0;N140S:20.4;W142S:22.1;V144I:22.6;P159Q:8.5;R169K:22.8;I178V:8.4;Y181D:13.6;N185Y:6.5;I191L:13.2;L200I:18.8;K202M:18.7;P213S:8.1;E217D:12.3;V218I:14.1;A221V:19.1;L226R:16.3;L228W:16.6;P241S:;K243Q:;N246D:
blaIMP	blaIMP-66	2017	1	11.658266067504883	0	0	0	V48F:11.7
blaIMP	blaIMP-67		51	4.495397567749023	1	0	0	S2K:;S5F:;F7L:;F8C:;I9V:;L11V:;A16T:;T17V:;A19G:;S21T:;D24N:16.6;K26R:15.4;I27V:17.7;D31E:21.5;F40Y:11.1;N44K:12.6;P50T:6.7;V58I:24.0;N59G:27.8;E61D:24.2;T79N:21.9;S91T:15.7;I92V:12.1;R110Q:23.1;T133K:18.8;S137D:19.0;N140S:20.4;V144A:22.6;N146D:25.8;P159Q:8.5;R169K:22.8;K170E:20.5;I178V:8.4;Y181H:13.6;I191L:13.2;K196E:17.7;L200I:18.8;K202M:18.7;S203E:21.4;P213S:8.1;S214G:4.5;V218T:14.1;A221S:19.1;S222T:18.6;L223H:14.4;L226R:16.3;L228W:16.6;N236K:20.2;P241T:;S242L:;K243Q:
blaIMP	blaIMP-59	2016	11	6.5431132316589355	1	0	0	S21P:;N59D:27.8;R110Q:23.1;T133K:18.8;S137G:19.0;V162L:9.8;N185Y:6.5;I191L:13.2;K202I:18.7;V218A:14.1;P244L:
blaIMP	blaIMP-68	2016	36	4.495397567749023	1	0	0	S2K:;S5F:;F7L:;F8C:;A16T:;T17A:;A19G:;E20A:;D31E:21.5;P50S:6.7;A60T:27.7;E61D:24.2;T79N:21.9;R110Q:23.1;E118V:15.5;T133K:18.8;N140S:20.4;P159Q:8.5;E168K:24.7;R169N:22.8;I178V:8.4;G187D:8.8;I191V:13.2;K196H:17.7;K199E:18.1;L200K:18.8;K202I:18.7;K207N:23.1;S214G:4.5;E217D:12.3;V218I:14.1;L228W:16.6;K243N:;P244T:;S245V:;N246H:
blaIMP	blaIMP-69		35	6.72050142288208	1	0	0	S2K:;S5F:;F7L:;F8C:;I9V:;F10C:;L11F:;F12L:;A16T:;T17A:;A19G:;E20A:;S21T:;D31E:21.5;P50S:6.7;A60T:27.7;E61D:24.2;K72T:17.5;T79N:21.9;S91T:15.7;R110Q:23.1;T133K:18.8;N140S:20.4;P159Q:8.5;R169K:22.8;I178V:8.4;Y181D:13.6;I191L:13.2;L200I:18.8;K202M:18.7;P213S:8.1;V218I:14.1;L226R:16.3;L228W:16.6;K243Q:
blaIMP	blaIMP-70		1	16.574769973754883	0	0	0	L228I:16.6
blaIMP	blaIMP-71		49	6.3888115882873535	1	0	0	S2K:;S5F:;F7L:;F8C:;I9V:;L11F:;F12L:;S14N:;T17A:;A19D:;E20D:;D31E:21.5;E32K:23.8;N44K:12.6;V49F:7.1;P50A:6.7;N59K:27.8;A60N:27.7;E61D:24.2;F69I:8.1;T79N:21.9;V82I:24.7;R84H:25.8;K87R:24.6;S94T:7.3;S98G:6.4;G102A:10.3;R110Q:23.1;P113S:19.7;G128N:15.6;N140S:20.4;W142S:22.1;V144I:22.6;P159Q:8.5;R169K:22.8;I178V:8.4;Y181D:13.6;I191L:13.2;L200I:18.8;K202M:18.7;P213S:8.1;V218I:14.1;D220N:18.0;K225Q:18.4;L226R:16.3;L228W:16.6;S242L:;K243Q:;N246S:
blaIMP	blaIMP-73		23	7.117912769317627	1	0	0	S2K:;I9M:;T17A:;A18S:;A19G:;S21A:;V49A:7.1;A60T:27.7;E61D:24.2;R110Q:23.1;T133K:18.8;V139A:18.4;N140S:20.4;N146K:25.8;V150I:15.2;R169H:22.8;K170R:20.5;I171V:17.0;I178V:8.4;I191L:13.2;K202V:18.7;L226R:16.3;P241L:
blaIMP	blaIMP-74	2017	38	6.72050142288208	1	0	0	S2K:;S5F:;F7L:;F8C:;A16T:;T17A:;A19G:;D31E:21.5;E32D:23.8;V49F:7.1;P50T:6.7;V56F:18.0;A60T:27.7;E61D:24.2;T70A:12.2;T79N:21.9;T101S:8.6;R110Q:23.1;D127N:10.9;T133K:18.8;N140S:20.4;V144L:22.6;V150I:15.2;P159Q:8.5;R169K:22.8;I178V:8.4;G187D:8.8;I191V:13.2;K196H:17.7;K199E:18.1;L200I:18.8;K202M:18.7;K204R:20.7;K207N:23.1;E217D:12.3;L228W:16.6;N236K:20.2;K243Q:
blaIMP	blaIMP-75		48	6.3888115882873535	1	0	0	S2K:;S5F:;F7L:;F8C:;I9V:;L11F:;F12L:;S14N:;T17A:;A19D:;E20D:;D31E:21.5;E32K:23.8;N44K:12.6;V49F:7.1;P50A:6.7;N59K:27.8;A60N:27.7;E61D:24.2;F69I:8.1;T79N:21.9;V82I:24.7;R84H:25.8;K87R:24.6;S94T:7.3;S98G:6.4;G102A:10.3;R110Q:23.1;P113S:19.7;G128N:15.6;N140S:20.4;W142S:22.1;V144I:22.6;P159Q:8.5;R169K:22.8;I178V:8.4;Y181D:13.6;I191L:13.2;L200I:18.8;K202M:18.7;V218I:14.1;D220N:18.0;K225Q:18.4;L226R:16.3;L228W:16.6;S242L:;K243Q:;N246S:
blaIMP	blaIMP-76		1	7.117912769317627	1	0	0	V49A:7.1
blaIMP	blaIMP-77		2	7.117912769317627	1	0	0	V49F:7.1;L200S:18.8
blaIMP	blaIMP-78		2	4.495397567749023	1	0	0	V49F:7.1;S214G:4.5
blaIMP	blaIMP-79		1	18.133073806762695	0	0	0	K199R:18.1
blaIMP	blaIMP-80		2	4.495397567749023	1	0	0	V49F:7.1;S214A:4.5
blaIMP	blaIMP-39		39	6.72050142288208	1	0	0	S2K:;S5F:;F7L:;F8C:;I9V:;F10C:;L11F:;F12L:;A16T:;T17A:;A19G:;E20A:;S21A:;D31E:21.5;P50S:6.7;A60T:27.7;E61D:24.2;K72T:17.5;T79N:21.9;S91T:15.7;R110Q:23.1;T133K:18.8;N134H:18.0;N140S:20.4;P159Q:8.5;R169N:22.8;I178V:8.4;Y181H:13.6;I191L:13.2;L200I:18.8;K202M:18.7;P213S:8.1;V218T:14.1;D220G:18.0;L226R:16.3;L228W:16.6;V232L:17.5;N236K:20.2;K243P:
blaIMP	blaIMP-46		48	6.3888115882873535	1	0	0	S2K:;S5F:;F7L:;F8C:;I9V:;F12L:;S14N:;A19E:;E20D:;E28D:18.3;D31E:21.5;N44K:12.6;G47N:12.1;P50T:6.7;N59K:27.8;A60N:27.7;E61D:24.2;F69I:8.1;A71V:15.5;T79N:21.9;F81L:19.5;S94T:7.3;S98D:6.4;T101S:8.6;G102A:10.3;R110Q:23.1;E118R:15.5;L124R:10.5;D127G:10.9;V130P:14.5;S137D:19.0;N140S:20.4;W142S:22.1;V144I:22.6;P159Q:8.5;R169K:22.8;I178V:8.4;Y181D:13.6;N185Y:6.5;I191L:13.2;L200I:18.8;K202M:18.7;G206A:21.9;P213S:8.1;V218I:14.1;A221T:19.1;L226R:16.3;L228W:16.6
blaIMP	blaIMP-81		21	8.447453498840332	0	0	0	S5F:;F8C:;I9M:;A16T:;T17A:;A19G:;A60T:27.7;E61D:24.2;I92V:12.1;R110Q:23.1;T133K:18.8;N140S:20.4;I148V:18.6;V150I:15.2;R169N:22.8;K170R:20.5;I171V:17.0;I178V:8.4;I191L:13.2;K202M:18.7;E229V:18.2
blaIMP	blaIMP-82		32	4.3074116706848145	1	0	0	S5F:;I9M:;A16T:;T17A:;A19G:;A60T:27.7;E61D:24.2;K76N:19.0;T79N:21.9;R110Q:23.1;T133K:18.8;N140S:20.4;N146K:25.8;T158A:4.3;R169N:22.8;K170R:20.5;I171V:17.0;I178V:8.4;I191L:13.2;K202M:18.7;G206S:21.9;E217D:12.3;V218I:14.1;A221S:19.1;L228W:16.6;A231T:14.8;L235F:17.5;S238R:;K243T:;P244T:;S245A:;N246H:
blaIMP	blaIMP-83		48	6.3888115882873535	1	0	0	S2K:;S5F:;F7L:;F8C:;I9V:;L11F:;F12L:;S14N:;T17A:;A19D:;E20D:;D31E:21.5;E32K:23.8;N44K:12.6;P50T:6.7;N59K:27.8;A60N:27.7;E61D:24.2;F69V:8.1;T79N:21.9;V82I:24.7;R84H:25.8;K87R:24.6;S94T:7.3;S98G:6.4;G102A:10.3;R110Q:23.1;P113S:19.7;G128N:15.6;N140S:20.4;W142S:22.1;V144I:22.6;P159Q:8.5;R169K:22.8;I178V:8.4;Y181D:13.6;I191L:13.2;L200I:18.8;K202M:18.7;P213S:8.1;V218I:14.1;D220N:18.0;K225Q:18.4;L226R:16.3;L228W:16.6;S242L:;K243Q:;N246S:
blaIMP	blaIMP-84		44	6.72050142288208	1	0	0	S2K:;S5F:;F7L:;F8C:;I9V:;F10C:;L11F:;A16T:;T17A:;A19G:;E20A:;S21A:;D31E:21.5;Y35F:16.0;V49F:7.1;P50T:6.7;A60T:27.7;E61D:24.2;K72T:17.5;T79N:21.9;K87E:24.6;S91T:15.7;R110Q:23.1;D127S:10.9;T133K:18.8;N134Y:18.0;G138E:18.2;N140S:20.4;P159Q:8.5;V162L:9.8;R169S:22.8;Y181H:13.6;I191L:13.2;L200I:18.8;K202M:18.7;P213S:8.1;V218K:14.1;L224M:15.8;L226R:16.3;L228W:16.6;V232L:17.5;N236K:20.2;P241T:;K243S:
blaIMP	blaIMP-65		47	6.3888115882873535	1	0	0	S2K:;S5F:;F7L:;F8C:;I9V:;L11F:;S14N:;T17V:;A19E:;D31E:21.5;N44K:12.6;G47S:12.1;P50T:6.7;N59K:27.8;A60N:27.7;E61D:24.2;F69I:8.1;T79N:21.9;S94T:7.3;S98G:6.4;T101A:8.6;G102A:10.3;R110Q:23.1;G128N:15.6;T133K:18.8;N134H:18.0;S137N:19.0;N140S:20.4;W142S:22.1;V144I:22.6;P159Q:8.5;R169K:22.8;I178V:8.4;Y181D:13.6;N185Y:6.5;I191L:13.2;L200I:18.8;K202M:18.7;P213S:8.1;E217D:12.3;V218I:14.1;A221V:19.1;L226R:16.3;L228W:16.6;P241S:;K243Q:;N246D:
blaIMP	blaIMP-85		18	8.447453498840332	0	0	0	S5F:;I9M:;A16T:;T17A:;A60T:27.7;R110Q:23.1;T133K:18.8;V139A:18.4;N140S:20.4;N146K:25.8;R169N:22.8;K170R:20.5;I171V:17.0;I178V:8.4;I191V:13.2;K202M:18.7;L226R:16.3;S245G:
blaIMP	blaIMP-89		12	7.117912769317627	1	0	0	S14N:;S21P:;V49F:7.1;N59D:27.8;R110Q:23.1;T133K:18.8;S137G:19.0;V162L:9.8;I191L:13.2;K202I:18.7;V218A:14.1;P244L:
blaIMP	blaIMP-96	2011	36	4.495397567749023	1	0	0	S2K:;S5F:;F7L:;F8C:;I9V:;F10C:;L11F:;F12L:;A16T:;T17A:;A19G:;E20A:;S21A:;D31E:21.5;P50S:6.7;A60T:27.7;E61D:24.2;K72T:17.5;T79N:21.9;S91T:15.7;R110Q:23.1;T133K:18.8;N140S:20.4;P159Q:8.5;R169K:22.8;I178V:8.4;Y181D:13.6;I191L:13.2;L200I:18.8;K202M:18.7;P213S:8.1;S214G:4.5;V218I:14.1;L226R:16.3;L228W:16.6;K243Q:
blaIMP	blaIMP-88		2	7.117912769317627	1	0	0	V49F:7.1;D127H:10.9
blaIMP	blaIMP-90		43	6.72050142288208	1	0	0	S2K:;S5F:;F7L:;F8C:;C13L:;A16T:;T17A:;A18S:;A19G:;S21V:;D31E:21.5;V36L:13.3;N44S:12.6;P50T:6.7;A60N:27.7;E61D:24.2;F69S:8.1;A71T:15.5;T79A:21.9;Y86F:25.4;K87T:24.6;I92V:12.1;R110Q:23.1;D127N:10.9;N140S:20.4;V150I:15.2;P159Q:8.5;R169N:22.8;I178V:8.4;Y181D:13.6;G187D:8.8;I191L:13.2;E192K:15.7;L200I:18.8;K202M:18.7;P213S:8.1;V218I:14.1;D220N:18.0;L228W:16.6;N236K:20.2;K240Q:;S242L:;K243L:
blaIMP	blaIMP-86		46	6.3888115882873535	1	0	0	S2K:;S5F:;F7L:;F8C:;I9V:;L11F:;S14N:;T17V:;A19E:;D31E:21.5;V43A:8.5;N44K:12.6;P50T:6.7;N59K:27.8;A60N:27.7;E61D:24.2;F69V:8.1;T79N:21.9;S94T:7.3;S98G:6.4;G102A:10.3;R110Q:23.1;G128N:15.6;T133K:18.8;N134H:18.0;S137N:19.0;N140S:20.4;W142S:22.1;V144I:22.6;P159Q:8.5;R169K:22.8;I178V:8.4;Y181D:13.6;N185Y:6.5;I191L:13.2;L200I:18.8;K202M:18.7;P213S:8.1;E217D:12.3;V218I:14.1;A221V:19.1;L226R:16.3;L228W:16.6;P241S:;K243Q:;N246D:
blaIMP	blaIMP-87		46	6.3888115882873535	1	0	0	S2K:;S5F:;F7L:;F8C:;I9V:;L11F:;S14N:;T17V:;A19E:;D31E:21.5;V43A:8.5;N44K:12.6;P50T:6.7;N59K:27.8;A60N:27.7;E61D:24.2;F69I:8.1;T79N:21.9;S94T:7.3;S98G:6.4;G102A:10.3;R110Q:23.1;G128N:15.6;T133K:18.8;N134H:18.0;S137N:19.0;N140S:20.4;W142S:22.1;V144I:22.6;P159Q:8.5;R169K:22.8;I178V:8.4;Y181D:13.6;N185Y:6.5;I191L:13.2;L200I:18.8;K202M:18.7;P213S:8.1;E217D:12.3;V218I:14.1;A221V:19.1;L226R:16.3;L228W:16.6;P241S:;K243Q:;N246D:
blaIMP	blaIMP-93		38	6.72050142288208	1	0	0	S2K:;S5F:;F7L:;F8C:;A16T:;T17A:;A19G:;D31E:21.5;E32D:23.8;V49F:7.1;P50A:6.7;V56F:18.0;A60T:27.7;E61D:24.2;T70A:12.2;T79N:21.9;T101S:8.6;R110Q:23.1;D127N:10.9;T133K:18.8;N140S:20.4;V144L:22.6;V150I:15.2;P159Q:8.5;R169K:22.8;I178V:8.4;G187D:8.8;I191V:13.2;K196H:17.7;K199E:18.1;L200I:18.8;K202M:18.7;K204R:20.7;K207N:23.1;E217D:12.3;L228W:16.6;N236K:20.2;K243Q:
blaIMP	blaIMP-92		49	6.5431132316589355	1	0	0	S2K:;L4I:;S5F:;F7L:;I9V:;A16T:;T17A:;A19G:;L25I:13.7;G33D:21.7;E42K:11.9;V43I:8.5;N44T:12.6;V49I:7.1;P50T:6.7;A60T:27.7;E61D:24.2;L64I:14.6;T79R:21.9;E83G:26.9;T101A:8.6;R110Q:23.1;E118K:15.5;D127N:10.9;K129N:10.7;V130A:14.5;T133V:18.8;N140S:20.4;N146H:25.8;P159Q:8.5;R169K:22.8;Y181D:13.6;N185Y:6.5;I191L:13.2;K199E:18.1;L200T:18.8;K202M:18.7;K207N:23.1;P213S:8.1;V218I:14.1;D220G:18.0;L226R:16.3;L228W:16.6;N236K:20.2;K240N:;P241H:;S242H:;K243S:;N246K:
blaIMP	blaIMP-94	2012	20	8.447453498840332	0	0	0	S5F:;V6I:;I9M:;A16T:;T17A:;K29R:20.6;A60T:27.7;E83G:26.9;R110Q:23.1;T133K:18.8;S137G:19.0;N140S:20.4;R169N:22.8;K170R:20.5;I171V:17.0;I178V:8.4;I191L:13.2;K202M:18.7;L226R:16.3;Q230H:14.9
blaIMP	blaIMP-95		50	4.495397567749023	1	0	0	S2K:;S5F:;F7L:;F8C:;I9V:;F10C:;L11F:;A16T:;T17A:;A19G:;E20A:;S21A:;D31E:21.5;Y35F:16.0;F40Y:11.1;N44K:12.6;P50T:6.7;V58I:24.0;N59G:27.8;E61D:24.2;T79N:21.9;S91T:15.7;I92V:12.1;R110Q:23.1;T133K:18.8;S137D:19.0;N140S:20.4;V144A:22.6;N146D:25.8;P159Q:8.5;R169K:22.8;K170E:20.5;I178V:8.4;Y181H:13.6;I191L:13.2;K196E:17.7;L200I:18.8;K202M:18.7;S203E:21.4;P213S:8.1;S214G:4.5;V218T:14.1;S222T:18.6;L223H:14.4;L226R:16.3;L228W:16.6;N236K:20.2;P241T:;S242L:;K243Q:
blaIMP	blaIMP-97		1	18.81167984008789	0	0	0	T133K:18.8
blaIMP	blaIMP-98		1	8.05898666381836	0	0	0	P213S:8.1
blaIMP	blaIMP-99		48	6.3888115882873535	1	0	0	S2K:;S5F:;F7L:;F8C:;I9V:;L11F:;F12L:;S14N:;T17A:;A19D:;E20D:;D31E:21.5;E32K:23.8;N44K:12.6;P50T:6.7;N59K:27.8;A60N:27.7;E61D:24.2;F69S:8.1;T79N:21.9;V82I:24.7;R84H:25.8;K87R:24.6;S94T:7.3;S98G:6.4;G102A:10.3;R110Q:23.1;P113S:19.7;G128N:15.6;N140S:20.4;W142S:22.1;V144I:22.6;P159Q:8.5;R169K:22.8;I178V:8.4;Y181D:13.6;I191L:13.2;L200I:18.8;K202M:18.7;P213S:8.1;V218I:14.1;D220N:18.0;K225Q:18.4;L226R:16.3;L228W:16.6;S242L:;K243Q:;N246S:
blaIMP	blaIMP-100		34	6.72050142288208	1	0	0	S2K:;S5F:;F7L:;F8C:;A16T:;T17A:;A19G:;D31E:21.5;V36I:13.3;V49F:7.1;P50N:6.7;N59D:27.8;A60T:27.7;E61D:24.2;T79N:21.9;R110Q:23.1;D127N:10.9;T133K:18.8;N140S:20.4;V150I:15.2;P159Q:8.5;R169N:22.8;I178V:8.4;Y181D:13.6;G187D:8.8;I191L:13.2;L200I:18.8;K202M:18.7;P213S:8.1;V218I:14.1;D220N:18.0;L228W:16.6;N236K:20.2;K243L:
blaIMP	blaIMP-102		21	8.447453498840332	0	0	0	S5F:;V6I:;I9M:;A16T:;T17A:;K29R:20.6;A60T:27.7;E61D:24.2;E83G:26.9;R110Q:23.1;T133K:18.8;S137G:19.0;N140S:20.4;R169N:22.8;K170R:20.5;I171V:17.0;I178V:8.4;I191L:13.2;K202M:18.7;L226R:16.3;Q230H:14.9
blaIMP	blaIMP-50		42	6.72050142288208	1	0	0	S2K:;S5F:;F7L:;F8C:;C13L:;A16T:;T17A:;A18S:;A19G:;S21V:;D31E:21.5;V36L:13.3;N44S:12.6;P50T:6.7;A60N:27.7;E61D:24.2;A71T:15.5;T79A:21.9;Y86F:25.4;K87T:24.6;I92V:12.1;R110Q:23.1;D127N:10.9;N140S:20.4;V150I:15.2;P159Q:8.5;R169N:22.8;I178V:8.4;Y181D:13.6;G187D:8.8;I191L:13.2;E192K:15.7;L200I:18.8;K202M:18.7;P213S:8.1;V218I:14.1;D220N:18.0;L228W:16.6;N236K:20.2;K240Q:;S242L:;K243L:
blaIMP	blaIMP-101		17	8.447453498840332	0	0	0	S5F:;I9M:;A16T:;T17A:;A60T:27.7;R110Q:23.1;T133K:18.8;V139A:18.4;N140S:20.4;N146K:25.8;R169N:22.8;K170R:20.5;I171V:17.0;I178V:8.4;I191L:13.2;K202M:18.7;L226R:16.3
blaIMP	blaIMP-104		1	18.018169403076172	0	0	0	N134S:18.0
blaIMP	blaIMP-105		45	6.3888115882873535	1	0	0	S2K:;S5F:;F7L:;F8C:;I9V:;L11F:;S14N:;T17V:;A19E:;D31E:21.5;N44K:12.6;P50T:6.7;N59K:27.8;A60N:27.7;E61D:24.2;F69I:8.1;T79N:21.9;S94T:7.3;S98G:6.4;G102A:10.3;R110Q:23.1;G128N:15.6;T133K:18.8;N134H:18.0;S137N:19.0;N140S:20.4;W142S:22.1;V144I:22.6;P159Q:8.5;R169K:22.8;I178V:8.4;Y181D:13.6;N185Y:6.5;I191L:13.2;L200I:18.8;K202M:18.7;P213S:8.1;E217D:12.3;V218I:14.1;A221V:19.1;L226R:16.3;L228W:16.6;P241S:;K243Q:;N246D:
blaIMP	blaIMP-106		43	6.72050142288208	1	0	0	S2K:;S5F:;F7L:;F8C:;F10C:;L11F:;F12V:;A16T:;T17A:;A19G:;S21T:;P23S:16.1;D31E:21.5;V48A:11.7;P50T:6.7;A60N:27.7;E61D:24.2;T79N:21.9;R110Q:23.1;Y115H:14.3;K125E:14.6;D127N:10.9;V130T:14.5;T133K:18.8;V139A:18.4;N140S:20.4;V150I:15.2;P159Q:8.5;R169N:22.8;K170Q:20.5;I178V:8.4;G187D:8.8;I191L:13.2;L200I:18.8;K202M:18.7;P213S:8.1;V218T:14.1;D220N:18.0;S222A:18.6;L228W:16.6;N236K:20.2;P241A:;K243M:
blaIMP	blaIMP-110		25	8.05898666381836	0	0	0	S2N:;I9M:;L11M:;A16T:;T17A:;A19G:;A60T:27.7;R110Q:23.1;T133K:18.8;V139G:18.4;N140S:20.4;K145N:25.8;R169N:22.8;K170R:20.5;I171V:17.0;I178V:8.4;I191L:13.2;L200I:18.8;K202M:18.7;P213S:8.1;V218T:14.1;D220N:18.0;L228W:16.6;N236K:20.2;K243L:
blaIMP	blaIMP-111		47	6.3888115882873535	1	0	0	S2K:;S5F:;F7L:;F8C:;I9V:;L11F:;T17V:;A19E:;E20D:;D31E:21.5;G33D:21.7;N44K:12.6;G47S:12.1;P50T:6.7;N59K:27.8;A60N:27.7;F69I:8.1;T79N:21.9;E83G:26.9;I92V:12.1;S94T:7.3;S98G:6.4;G102A:10.3;R110Q:23.1;E118K:15.5;G128N:15.6;T133A:18.8;N140S:20.4;W142S:22.1;V144I:22.6;P159Q:8.5;R169K:22.8;I178V:8.4;Y181D:13.6;N185Y:6.5;N190D:10.7;I191L:13.2;L200K:18.8;K202I:18.7;K207R:23.1;P213S:8.1;V218I:14.1;K225N:18.4;L226R:16.3;L228W:16.6;P241S:;K243Q:
blaIMP	blaIMP-107		11	9.78093433380127	0	0	0	S21P:;V48F:11.7;N59D:27.8;R110Q:23.1;T133K:18.8;S137G:19.0;V162L:9.8;I191L:13.2;K202I:18.7;V218A:14.1;P244L:
blaIMP	blaIMP-108		11	9.78093433380127	0	0	0	S21P:;V36I:13.3;N59D:27.8;R110Q:23.1;T133K:18.8;S137G:19.0;V162L:9.8;I191L:13.2;K202I:18.7;V218A:14.1;P244L:
blaIMP	blaIMP-109		12	4.495397567749023	1	0	0	S21P:;N59D:27.8;R110Q:23.1;D127Y:10.9;T133K:18.8;S137G:19.0;V162L:9.8;I191L:13.2;K202I:18.7;S214G:4.5;V218A:14.1;P244L:
blaIMP	blaIMP-112		36	6.3888115882873535	1	0	0	S2N:;I9M:;L11M:;A16T:;T17A:;A19G:;V49F:7.1;N59K:27.8;A60N:27.7;E61D:24.2;F69V:8.1;T79N:21.9;V82I:24.7;R84H:25.8;K87R:24.6;S94T:7.3;S98G:6.4;G102A:10.3;R110Q:23.1;P113S:19.7;G128N:15.6;N140S:20.4;W142S:22.1;V144I:22.6;P159Q:8.5;R169K:22.8;I178V:8.4;Y181D:13.6;I191L:13.2;L200I:18.8;K202M:18.7;V218T:14.1;D220N:18.0;L228W:16.6;N236K:20.2;K243L:
blaIMP	blaIMP-36		26	7.117912769317627	1	0	0	S2N:;I9M:;L11M:;A16T:;T17A:;A19G:;V49F:7.1;A60T:27.7;R110Q:23.1;T133K:18.8;V139G:18.4;N140S:20.4;K145N:25.8;R169N:22.8;K170R:20.5;I171V:17.0;I178V:8.4;I191L:13.2;L200I:18.8;K202M:18.7;P213S:8.1;V218T:14.1;D220N:18.0;L228W:16.6;N236K:20.2;K243L:
